ID;LOCALIDAD;PARAMETRO;MES;Viento
I0001;La31.75Lo69.75;WS50M;enero;3.02
I0002;La31.75Lo69.75;WS10M;enero;2.65
I0003;La31.75Lo69.25;WS50M;enero;3.5
I0004;La31.75Lo69.25;WS10M;enero;3.23
I0005;La31.75Lo68.75;WS50M;enero;4.82
I0006;La31.75Lo68.75;WS10M;enero;4.11
I0007;La31.75Lo68.25;WS50M;enero;5.64
I0008;La31.75Lo68.25;WS10M;enero;4.47
I0009;La31.75Lo67.75;WS50M;enero;6.03
I0010;La31.75Lo67.75;WS10M;enero;4.73
I0011;La31.75Lo67.25;WS50M;enero;6.18
I0012;La31.75Lo67.25;WS10M;enero;4.77
I0013;La31.75Lo66.75;WS50M;enero;6.16
I0014;La31.75Lo66.75;WS10M;enero;4.6
I0015;La31.75Lo66.25;WS50M;enero;6.06
I0016;La31.75Lo66.25;WS10M;enero;4.47
I0017;La31.75Lo65.75;WS50M;enero;5.09
I0018;La31.75Lo65.75;WS10M;enero;3.49
I0019;La31.75Lo65.25;WS50M;enero;4.55
I0020;La31.75Lo65.25;WS10M;enero;3.12
I0021;La31.25Lo69.75;WS50M;enero;3.16
I0022;La31.25Lo69.75;WS10M;enero;2.76
I0023;La31.25Lo69.25;WS50M;enero;3.72
I0024;La31.25Lo69.25;WS10M;enero;3.43
I0025;La31.25Lo68.75;WS50M;enero;4.56
I0026;La31.25Lo68.75;WS10M;enero;3.89
I0027;La31.25Lo68.25;WS50M;enero;5.38
I0028;La31.25Lo68.25;WS10M;enero;4.37
I0029;La31.25Lo67.75;WS50M;enero;5.67
I0030;La31.25Lo67.75;WS10M;enero;4.55
I0031;La31.25Lo67.25;WS50M;enero;5.95
I0032;La31.25Lo67.25;WS10M;enero;4.69
I0033;La31.25Lo66.75;WS50M;enero;6.18
I0034;La31.25Lo66.75;WS10M;enero;4.7
I0035;La31.25Lo66.25;WS50M;enero;6.23
I0036;La31.25Lo66.25;WS10M;enero;4.67
I0037;La31.25Lo65.75;WS50M;enero;5.08
I0038;La31.25Lo65.75;WS10M;enero;3.27
I0039;La31.25Lo65.25;WS50M;enero;4.7
I0040;La31.25Lo65.25;WS10M;enero;3.05
I0041;La30.75Lo69.75;WS50M;enero;3.08
I0042;La30.75Lo69.75;WS10M;enero;2.66
I0043;La30.75Lo69.25;WS50M;enero;3.54
I0044;La30.75Lo69.25;WS10M;enero;3.33
I0045;La30.75Lo68.75;WS50M;enero;4.4
I0046;La30.75Lo68.75;WS10M;enero;3.81
I0047;La30.75Lo68.25;WS50M;enero;5.21
I0048;La30.75Lo68.25;WS10M;enero;4.23
I0049;La30.75Lo67.75;WS50M;enero;5.5
I0050;La30.75Lo67.75;WS10M;enero;4.44
I0051;La30.75Lo67.25;WS50M;enero;5.72
I0052;La30.75Lo67.25;WS10M;enero;4.54
I0053;La30.75Lo66.75;WS50M;enero;5.96
I0054;La30.75Lo66.75;WS10M;enero;4.56
I0055;La30.75Lo66.25;WS50M;enero;5.98
I0056;La30.75Lo66.25;WS10M;enero;4.54
I0057;La30.75Lo65.75;WS50M;enero;5.21
I0058;La30.75Lo65.75;WS10M;enero;3.47
I0059;La30.75Lo65.25;WS50M;enero;4.68
I0060;La30.75Lo65.25;WS10M;enero;2.88
I0061;La30.25Lo69.75;WS50M;enero;2.82
I0062;La30.25Lo69.75;WS10M;enero;2.49
I0063;La30.25Lo69.25;WS50M;enero;3.13
I0064;La30.25Lo69.25;WS10M;enero;3.05
I0065;La30.25Lo68.75;WS50M;enero;4.22
I0066;La30.25Lo68.75;WS10M;enero;3.79
I0067;La30.25Lo68.25;WS50M;enero;4.69
I0068;La30.25Lo68.25;WS10M;enero;3.86
I0069;La30.25Lo67.75;WS50M;enero;5.11
I0070;La30.25Lo67.75;WS10M;enero;4.18
I0071;La30.25Lo67.25;WS50M;enero;5.42
I0072;La30.25Lo67.25;WS10M;enero;4.34
I0073;La30.25Lo66.75;WS50M;enero;5.72
I0074;La30.25Lo66.75;WS10M;enero;4.39
I0075;La30.25Lo66.25;WS50M;enero;5.86
I0076;La30.25Lo66.25;WS10M;enero;4.46
I0077;La30.25Lo65.75;WS50M;enero;5.81
I0078;La30.25Lo65.75;WS10M;enero;4.34
I0079;La30.25Lo65.25;WS50M;enero;5.38
I0080;La30.25Lo65.25;WS10M;enero;3.75
I0081;La29.75Lo69.75;WS50M;enero;2.89
I0082;La29.75Lo69.75;WS10M;enero;2.64
I0083;La29.75Lo69.25;WS50M;enero;2.76
I0084;La29.75Lo69.25;WS10M;enero;2.68
I0085;La29.75Lo68.75;WS50M;enero;3.73
I0086;La29.75Lo68.75;WS10M;enero;3.57
I0087;La29.75Lo68.25;WS50M;enero;4.13
I0088;La29.75Lo68.25;WS10M;enero;3.52
I0089;La29.75Lo67.75;WS50M;enero;4.3
I0090;La29.75Lo67.75;WS10M;enero;3.69
I0091;La29.75Lo67.25;WS50M;enero;4.52
I0092;La29.75Lo67.25;WS10M;enero;3.81
I0093;La29.75Lo66.75;WS50M;enero;4.95
I0094;La29.75Lo66.75;WS10M;enero;3.95
I0095;La29.75Lo66.25;WS50M;enero;5.87
I0096;La29.75Lo66.25;WS10M;enero;4.5
I0097;La29.75Lo65.75;WS50M;enero;5.8
I0098;La29.75Lo65.75;WS10M;enero;4.34
I0099;La29.75Lo65.25;WS50M;enero;5.72
I0100;La29.75Lo65.25;WS10M;enero;4.15
I0101;La29.25Lo69.75;WS50M;enero;3.2
I0102;La29.25Lo69.75;WS10M;enero;3.06
I0103;La29.25Lo69.25;WS50M;enero;3.06
I0104;La29.25Lo69.25;WS10M;enero;2.78
I0105;La29.25Lo68.75;WS50M;enero;3.71
I0106;La29.25Lo68.75;WS10M;enero;3.57
I0107;La29.25Lo68.25;WS50M;enero;3.67
I0108;La29.25Lo68.25;WS10M;enero;3.22
I0109;La29.25Lo67.75;WS50M;enero;3.34
I0110;La29.25Lo67.75;WS10M;enero;3.03
I0111;La29.25Lo67.25;WS50M;enero;3.48
I0112;La29.25Lo67.25;WS10M;enero;3.15
I0113;La29.25Lo66.75;WS50M;enero;4.13
I0114;La29.25Lo66.75;WS10M;enero;3.47
I0115;La29.25Lo66.25;WS50M;enero;5.14
I0116;La29.25Lo66.25;WS10M;enero;4.04
I0117;La29.25Lo65.75;WS50M;enero;5.22
I0118;La29.25Lo65.75;WS10M;enero;3.86
I0119;La29.25Lo65.25;WS50M;enero;5.11
I0120;La29.25Lo65.25;WS10M;enero;3.42
I0121;La28.75Lo69.75;WS50M;enero;3.5
I0122;La28.75Lo69.75;WS10M;enero;3.48
I0123;La28.75Lo69.25;WS50M;enero;3.72
I0124;La28.75Lo69.25;WS10M;enero;3.21
I0125;La28.75Lo68.75;WS50M;enero;3.96
I0126;La28.75Lo68.75;WS10M;enero;3.72
I0127;La28.75Lo68.25;WS50M;enero;3.2
I0128;La28.75Lo68.25;WS10M;enero;2.91
I0129;La28.75Lo67.75;WS50M;enero;2.94
I0130;La28.75Lo67.75;WS10M;enero;2.7
I0131;La28.75Lo67.25;WS50M;enero;3.13
I0132;La28.75Lo67.25;WS10M;enero;2.81
I0133;La28.75Lo66.75;WS50M;enero;3.77
I0134;La28.75Lo66.75;WS10M;enero;3.15
I0135;La28.75Lo66.25;WS50M;enero;4.11
I0136;La28.75Lo66.25;WS10M;enero;3.34
I0137;La28.75Lo65.75;WS50M;enero;4.51
I0138;La28.75Lo65.75;WS10M;enero;3.36
I0139;La28.75Lo65.25;WS50M;enero;4.54
I0140;La28.75Lo65.25;WS10M;enero;2.93
I0141;La28.25Lo69.75;WS50M;enero;3.55
I0142;La28.25Lo69.75;WS10M;enero;3.68
I0143;La28.25Lo69.25;WS50M;enero;4.21
I0144;La28.25Lo69.25;WS10M;enero;3.79
I0145;La28.25Lo68.75;WS50M;enero;4.22
I0146;La28.25Lo68.75;WS10M;enero;3.75
I0147;La28.25Lo68.25;WS50M;enero;3.01
I0148;La28.25Lo68.25;WS10M;enero;2.9
I0149;La28.25Lo67.75;WS50M;enero;3
I0150;La28.25Lo67.75;WS10M;enero;2.86
I0151;La28.25Lo67.25;WS50M;enero;3.19
I0152;La28.25Lo67.25;WS10M;enero;2.79
I0153;La28.25Lo66.75;WS50M;enero;3.6
I0154;La28.25Lo66.75;WS10M;enero;2.89
I0155;La28.25Lo66.25;WS50M;enero;3.96
I0156;La28.25Lo66.25;WS10M;enero;3.25
I0157;La28.25Lo65.75;WS50M;enero;4.02
I0158;La28.25Lo65.75;WS10M;enero;3.1
I0159;La28.25Lo65.25;WS50M;enero;4.29
I0160;La28.25Lo65.25;WS10M;enero;2.94
I0161;La27.75Lo69.75;WS50M;enero;3.35
I0162;La27.75Lo69.75;WS10M;enero;3.59
I0163;La27.75Lo69.25;WS50M;enero;4.06
I0164;La27.75Lo69.25;WS10M;enero;3.93
I0165;La27.75Lo68.75;WS50M;enero;4.68
I0166;La27.75Lo68.75;WS10M;enero;4.01
I0167;La27.75Lo68.25;WS50M;enero;3.06
I0168;La27.75Lo68.25;WS10M;enero;2.94
I0169;La27.75Lo67.75;WS50M;enero;3.04
I0170;La27.75Lo67.75;WS10M;enero;3.01
I0171;La27.75Lo67.25;WS50M;enero;3.23
I0172;La27.75Lo67.25;WS10M;enero;2.99
I0173;La27.75Lo66.75;WS50M;enero;3.33
I0174;La27.75Lo66.75;WS10M;enero;2.91
I0175;La27.75Lo66.25;WS50M;enero;4.08
I0176;La27.75Lo66.25;WS10M;enero;3.43
I0177;La27.75Lo65.75;WS50M;enero;3.86
I0178;La27.75Lo65.75;WS10M;enero;3.04
I0179;La27.75Lo65.25;WS50M;enero;4.33
I0180;La27.75Lo65.25;WS10M;enero;3.08
I0181;La27.25Lo69.75;WS50M;enero;3.54
I0182;La27.25Lo69.75;WS10M;enero;3.7
I0183;La27.25Lo69.25;WS50M;enero;3.92
I0184;La27.25Lo69.25;WS10M;enero;3.93
I0185;La27.25Lo68.75;WS50M;enero;4.46
I0186;La27.25Lo68.75;WS10M;enero;4.04
I0187;La27.25Lo68.25;WS50M;enero;3.27
I0188;La27.25Lo68.25;WS10M;enero;3.01
I0189;La27.25Lo67.75;WS50M;enero;3.23
I0190;La27.25Lo67.75;WS10M;enero;3.04
I0191;La27.25Lo67.25;WS50M;enero;3.26
I0192;La27.25Lo67.25;WS10M;enero;3.03
I0193;La27.25Lo66.75;WS50M;enero;3.11
I0194;La27.25Lo66.75;WS10M;enero;2.91
I0195;La27.25Lo66.25;WS50M;enero;3.43
I0196;La27.25Lo66.25;WS10M;enero;3.09
I0197;La27.25Lo65.75;WS50M;enero;3.45
I0198;La27.25Lo65.75;WS10M;enero;2.88
I0199;La27.25Lo65.25;WS50M;enero;4.18
I0200;La27.25Lo65.25;WS10M;enero;3.07
I0201;La31.75Lo69.75;WS50M;febrero;3.19
I0202;La31.75Lo69.75;WS10M;febrero;2.89
I0203;La31.75Lo69.25;WS50M;febrero;3.24
I0204;La31.75Lo69.25;WS10M;febrero;2.94
I0205;La31.75Lo68.75;WS50M;febrero;4.65
I0206;La31.75Lo68.75;WS10M;febrero;3.82
I0207;La31.75Lo68.25;WS50M;febrero;5.49
I0208;La31.75Lo68.25;WS10M;febrero;4.27
I0209;La31.75Lo67.75;WS50M;febrero;5.9
I0210;La31.75Lo67.75;WS10M;febrero;4.51
I0211;La31.75Lo67.25;WS50M;febrero;6.06
I0212;La31.75Lo67.25;WS10M;febrero;4.54
I0213;La31.75Lo66.75;WS50M;febrero;6.03
I0214;La31.75Lo66.75;WS10M;febrero;4.39
I0215;La31.75Lo66.25;WS50M;febrero;5.8
I0216;La31.75Lo66.25;WS10M;febrero;4.17
I0217;La31.75Lo65.75;WS50M;febrero;4.92
I0218;La31.75Lo65.75;WS10M;febrero;3.3
I0219;La31.75Lo65.25;WS50M;febrero;4.32
I0220;La31.75Lo65.25;WS10M;febrero;2.89
I0221;La31.25Lo69.75;WS50M;febrero;3.43
I0222;La31.25Lo69.75;WS10M;febrero;3.07
I0223;La31.25Lo69.25;WS50M;febrero;3.49
I0224;La31.25Lo69.25;WS10M;febrero;3.16
I0225;La31.25Lo68.75;WS50M;febrero;4.48
I0226;La31.25Lo68.75;WS10M;febrero;3.75
I0227;La31.25Lo68.25;WS50M;febrero;5.28
I0228;La31.25Lo68.25;WS10M;febrero;4.21
I0229;La31.25Lo67.75;WS50M;febrero;5.6
I0230;La31.25Lo67.75;WS10M;febrero;4.39
I0231;La31.25Lo67.25;WS50M;febrero;5.9
I0232;La31.25Lo67.25;WS10M;febrero;4.49
I0233;La31.25Lo66.75;WS50M;febrero;6.07
I0234;La31.25Lo66.75;WS10M;febrero;4.45
I0235;La31.25Lo66.25;WS50M;febrero;5.92
I0236;La31.25Lo66.25;WS10M;febrero;4.26
I0237;La31.25Lo65.75;WS50M;febrero;4.92
I0238;La31.25Lo65.75;WS10M;febrero;3.03
I0239;La31.25Lo65.25;WS50M;febrero;4.54
I0240;La31.25Lo65.25;WS10M;febrero;2.83
I0241;La30.75Lo69.75;WS50M;febrero;3.38
I0242;La30.75Lo69.75;WS10M;febrero;3
I0243;La30.75Lo69.25;WS50M;febrero;3.52
I0244;La30.75Lo69.25;WS10M;febrero;3.24
I0245;La30.75Lo68.75;WS50M;febrero;4.33
I0246;La30.75Lo68.75;WS10M;febrero;3.7
I0247;La30.75Lo68.25;WS50M;febrero;5.25
I0248;La30.75Lo68.25;WS10M;febrero;4.17
I0249;La30.75Lo67.75;WS50M;febrero;5.5
I0250;La30.75Lo67.75;WS10M;febrero;4.33
I0251;La30.75Lo67.25;WS50M;febrero;5.63
I0252;La30.75Lo67.25;WS10M;febrero;4.32
I0253;La30.75Lo66.75;WS50M;febrero;5.74
I0254;La30.75Lo66.75;WS10M;febrero;4.22
I0255;La30.75Lo66.25;WS50M;febrero;5.65
I0256;La30.75Lo66.25;WS10M;febrero;4.09
I0257;La30.75Lo65.75;WS50M;febrero;5.02
I0258;La30.75Lo65.75;WS10M;febrero;3.18
I0259;La30.75Lo65.25;WS50M;febrero;4.66
I0260;La30.75Lo65.25;WS10M;febrero;2.74
I0261;La30.25Lo69.75;WS50M;febrero;2.97
I0262;La30.25Lo69.75;WS10M;febrero;2.66
I0263;La30.25Lo69.25;WS50M;febrero;3.21
I0264;La30.25Lo69.25;WS10M;febrero;3.06
I0265;La30.25Lo68.75;WS50M;febrero;4.03
I0266;La30.25Lo68.75;WS10M;febrero;3.58
I0267;La30.25Lo68.25;WS50M;febrero;4.75
I0268;La30.25Lo68.25;WS10M;febrero;3.81
I0269;La30.25Lo67.75;WS50M;febrero;5.25
I0270;La30.25Lo67.75;WS10M;febrero;4.16
I0271;La30.25Lo67.25;WS50M;febrero;5.4
I0272;La30.25Lo67.25;WS10M;febrero;4.19
I0273;La30.25Lo66.75;WS50M;febrero;5.51
I0274;La30.25Lo66.75;WS10M;febrero;4.07
I0275;La30.25Lo66.25;WS50M;febrero;5.67
I0276;La30.25Lo66.25;WS10M;febrero;4.09
I0277;La30.25Lo65.75;WS50M;febrero;5.73
I0278;La30.25Lo65.75;WS10M;febrero;4.04
I0279;La30.25Lo65.25;WS50M;febrero;5.46
I0280;La30.25Lo65.25;WS10M;febrero;3.61
I0281;La29.75Lo69.75;WS50M;febrero;2.8
I0282;La29.75Lo69.75;WS10M;febrero;2.54
I0283;La29.75Lo69.25;WS50M;febrero;2.85
I0284;La29.75Lo69.25;WS10M;febrero;2.76
I0285;La29.75Lo68.75;WS50M;febrero;3.57
I0286;La29.75Lo68.75;WS10M;febrero;3.37
I0287;La29.75Lo68.25;WS50M;febrero;4.08
I0288;La29.75Lo68.25;WS10M;febrero;3.38
I0289;La29.75Lo67.75;WS50M;febrero;4.38
I0290;La29.75Lo67.75;WS10M;febrero;3.62
I0291;La29.75Lo67.25;WS50M;febrero;4.53
I0292;La29.75Lo67.25;WS10M;febrero;3.7
I0293;La29.75Lo66.75;WS50M;febrero;4.73
I0294;La29.75Lo66.75;WS10M;febrero;3.64
I0295;La29.75Lo66.25;WS50M;febrero;5.71
I0296;La29.75Lo66.25;WS10M;febrero;4.14
I0297;La29.75Lo65.75;WS50M;febrero;5.86
I0298;La29.75Lo65.75;WS10M;febrero;4.09
I0299;La29.75Lo65.25;WS50M;febrero;5.87
I0300;La29.75Lo65.25;WS10M;febrero;3.97
I0301;La29.25Lo69.75;WS50M;febrero;2.86
I0302;La29.25Lo69.75;WS10M;febrero;2.69
I0303;La29.25Lo69.25;WS50M;febrero;2.9
I0304;La29.25Lo69.25;WS10M;febrero;2.68
I0305;La29.25Lo68.75;WS50M;febrero;3.42
I0306;La29.25Lo68.75;WS10M;febrero;3.28
I0307;La29.25Lo68.25;WS50M;febrero;3.5
I0308;La29.25Lo68.25;WS10M;febrero;2.99
I0309;La29.25Lo67.75;WS50M;febrero;3.33
I0310;La29.25Lo67.75;WS10M;febrero;2.9
I0311;La29.25Lo67.25;WS50M;febrero;3.45
I0312;La29.25Lo67.25;WS10M;febrero;3.02
I0313;La29.25Lo66.75;WS50M;febrero;3.92
I0314;La29.25Lo66.75;WS10M;febrero;3.19
I0315;La29.25Lo66.25;WS50M;febrero;5.01
I0316;La29.25Lo66.25;WS10M;febrero;3.74
I0317;La29.25Lo65.75;WS50M;febrero;5.37
I0318;La29.25Lo65.75;WS10M;febrero;3.67
I0319;La29.25Lo65.25;WS50M;febrero;5.34
I0320;La29.25Lo65.25;WS10M;febrero;3.28
I0321;La28.75Lo69.75;WS50M;febrero;3.07
I0322;La28.75Lo69.75;WS10M;febrero;3.03
I0323;La28.75Lo69.25;WS50M;febrero;3.4
I0324;La28.75Lo69.25;WS10M;febrero;2.96
I0325;La28.75Lo68.75;WS50M;febrero;3.68
I0326;La28.75Lo68.75;WS10M;febrero;3.42
I0327;La28.75Lo68.25;WS50M;febrero;3.18
I0328;La28.75Lo68.25;WS10M;febrero;2.83
I0329;La28.75Lo67.75;WS50M;febrero;2.94
I0330;La28.75Lo67.75;WS10M;febrero;2.64
I0331;La28.75Lo67.25;WS50M;febrero;3.04
I0332;La28.75Lo67.25;WS10M;febrero;2.66
I0333;La28.75Lo66.75;WS50M;febrero;3.6
I0334;La28.75Lo66.75;WS10M;febrero;2.91
I0335;La28.75Lo66.25;WS50M;febrero;4.2
I0336;La28.75Lo66.25;WS10M;febrero;3.27
I0337;La28.75Lo65.75;WS50M;febrero;4.69
I0338;La28.75Lo65.75;WS10M;febrero;3.28
I0339;La28.75Lo65.25;WS50M;febrero;4.74
I0340;La28.75Lo65.25;WS10M;febrero;2.87
I0341;La28.25Lo69.75;WS50M;febrero;3.24
I0342;La28.25Lo69.75;WS10M;febrero;3.33
I0343;La28.25Lo69.25;WS50M;febrero;3.81
I0344;La28.25Lo69.25;WS10M;febrero;3.36
I0345;La28.25Lo68.75;WS50M;febrero;3.93
I0346;La28.25Lo68.75;WS10M;febrero;3.47
I0347;La28.25Lo68.25;WS50M;febrero;3.03
I0348;La28.25Lo68.25;WS10M;febrero;2.88
I0349;La28.25Lo67.75;WS50M;febrero;3.02
I0350;La28.25Lo67.75;WS10M;febrero;2.84
I0351;La28.25Lo67.25;WS50M;febrero;3.21
I0352;La28.25Lo67.25;WS10M;febrero;2.73
I0353;La28.25Lo66.75;WS50M;febrero;3.54
I0354;La28.25Lo66.75;WS10M;febrero;2.74
I0355;La28.25Lo66.25;WS50M;febrero;4.11
I0356;La28.25Lo66.25;WS10M;febrero;3.23
I0357;La28.25Lo65.75;WS50M;febrero;4.03
I0358;La28.25Lo65.75;WS10M;febrero;3.03
I0359;La28.25Lo65.25;WS50M;febrero;4.23
I0360;La28.25Lo65.25;WS10M;febrero;2.81
I0361;La27.75Lo69.75;WS50M;febrero;3.16
I0362;La27.75Lo69.75;WS10M;febrero;3.35
I0363;La27.75Lo69.25;WS50M;febrero;3.64
I0364;La27.75Lo69.25;WS10M;febrero;3.47
I0365;La27.75Lo68.75;WS50M;febrero;4.13
I0366;La27.75Lo68.75;WS10M;febrero;3.52
I0367;La27.75Lo68.25;WS50M;febrero;2.79
I0368;La27.75Lo68.25;WS10M;febrero;2.74
I0369;La27.75Lo67.75;WS50M;febrero;3.07
I0370;La27.75Lo67.75;WS10M;febrero;3.01
I0371;La27.75Lo67.25;WS50M;febrero;3.34
I0372;La27.75Lo67.25;WS10M;febrero;2.99
I0373;La27.75Lo66.75;WS50M;febrero;3.46
I0374;La27.75Lo66.75;WS10M;febrero;2.91
I0375;La27.75Lo66.25;WS50M;febrero;4.4
I0376;La27.75Lo66.25;WS10M;febrero;3.54
I0377;La27.75Lo65.75;WS50M;febrero;3.79
I0378;La27.75Lo65.75;WS10M;febrero;2.96
I0379;La27.75Lo65.25;WS50M;febrero;4.03
I0380;La27.75Lo65.25;WS10M;febrero;2.84
I0381;La27.25Lo69.75;WS50M;febrero;3.31
I0382;La27.25Lo69.75;WS10M;febrero;3.45
I0383;La27.25Lo69.25;WS50M;febrero;3.53
I0384;La27.25Lo69.25;WS10M;febrero;3.54
I0385;La27.25Lo68.75;WS50M;febrero;3.97
I0386;La27.25Lo68.75;WS10M;febrero;3.55
I0387;La27.25Lo68.25;WS50M;febrero;2.73
I0388;La27.25Lo68.25;WS10M;febrero;2.6
I0389;La27.25Lo67.75;WS50M;febrero;3.12
I0390;La27.25Lo67.75;WS10M;febrero;3.02
I0391;La27.25Lo67.25;WS50M;febrero;3.42
I0392;La27.25Lo67.25;WS10M;febrero;3.16
I0393;La27.25Lo66.75;WS50M;febrero;3.28
I0394;La27.25Lo66.75;WS10M;febrero;2.98
I0395;La27.25Lo66.25;WS50M;febrero;3.79
I0396;La27.25Lo66.25;WS10M;febrero;3.29
I0397;La27.25Lo65.75;WS50M;febrero;3.52
I0398;La27.25Lo65.75;WS10M;febrero;2.92
I0399;La27.25Lo65.25;WS50M;febrero;4.03
I0400;La27.25Lo65.25;WS10M;febrero;2.94
I0401;La31.75Lo69.75;WS50M;marzo;3.08
I0402;La31.75Lo69.75;WS10M;marzo;2.69
I0403;La31.75Lo69.25;WS50M;marzo;3.03
I0404;La31.75Lo69.25;WS10M;marzo;2.71
I0405;La31.75Lo68.75;WS50M;marzo;4.37
I0406;La31.75Lo68.75;WS10M;marzo;3.61
I0407;La31.75Lo68.25;WS50M;marzo;5.08
I0408;La31.75Lo68.25;WS10M;marzo;3.9
I0409;La31.75Lo67.75;WS50M;marzo;5.44
I0410;La31.75Lo67.75;WS10M;marzo;4.07
I0411;La31.75Lo67.25;WS50M;marzo;5.64
I0412;La31.75Lo67.25;WS10M;marzo;4.12
I0413;La31.75Lo66.75;WS50M;marzo;5.66
I0414;La31.75Lo66.75;WS10M;marzo;4.03
I0415;La31.75Lo66.25;WS50M;marzo;5.47
I0416;La31.75Lo66.25;WS10M;marzo;3.87
I0417;La31.75Lo65.75;WS50M;marzo;4.63
I0418;La31.75Lo65.75;WS10M;marzo;3.08
I0419;La31.75Lo65.25;WS50M;marzo;4.31
I0420;La31.75Lo65.25;WS10M;marzo;2.92
I0421;La31.25Lo69.75;WS50M;marzo;3.18
I0422;La31.25Lo69.75;WS10M;marzo;2.72
I0423;La31.25Lo69.25;WS50M;marzo;3.14
I0424;La31.25Lo69.25;WS10M;marzo;2.83
I0425;La31.25Lo68.75;WS50M;marzo;4.1
I0426;La31.25Lo68.75;WS10M;marzo;3.43
I0427;La31.25Lo68.25;WS50M;marzo;4.92
I0428;La31.25Lo68.25;WS10M;marzo;3.86
I0429;La31.25Lo67.75;WS50M;marzo;5.18
I0430;La31.25Lo67.75;WS10M;marzo;3.98
I0431;La31.25Lo67.25;WS50M;marzo;5.48
I0432;La31.25Lo67.25;WS10M;marzo;4.11
I0433;La31.25Lo66.75;WS50M;marzo;5.68
I0434;La31.25Lo66.75;WS10M;marzo;4.11
I0435;La31.25Lo66.25;WS50M;marzo;5.57
I0436;La31.25Lo66.25;WS10M;marzo;3.99
I0437;La31.25Lo65.75;WS50M;marzo;4.57
I0438;La31.25Lo65.75;WS10M;marzo;2.8
I0439;La31.25Lo65.25;WS50M;marzo;4.51
I0440;La31.25Lo65.25;WS10M;marzo;2.87
I0441;La30.75Lo69.75;WS50M;marzo;3.1
I0442;La30.75Lo69.75;WS10M;marzo;2.61
I0443;La30.75Lo69.25;WS50M;marzo;3.03
I0444;La30.75Lo69.25;WS10M;marzo;2.75
I0445;La30.75Lo68.75;WS50M;marzo;3.88
I0446;La30.75Lo68.75;WS10M;marzo;3.33
I0447;La30.75Lo68.25;WS50M;marzo;4.85
I0448;La30.75Lo68.25;WS10M;marzo;3.77
I0449;La30.75Lo67.75;WS50M;marzo;5.12
I0450;La30.75Lo67.75;WS10M;marzo;3.97
I0451;La30.75Lo67.25;WS50M;marzo;5.28
I0452;La30.75Lo67.25;WS10M;marzo;4.01
I0453;La30.75Lo66.75;WS50M;marzo;5.42
I0454;La30.75Lo66.75;WS10M;marzo;3.94
I0455;La30.75Lo66.25;WS50M;marzo;5.4
I0456;La30.75Lo66.25;WS10M;marzo;3.88
I0457;La30.75Lo65.75;WS50M;marzo;4.77
I0458;La30.75Lo65.75;WS10M;marzo;2.97
I0459;La30.75Lo65.25;WS50M;marzo;4.59
I0460;La30.75Lo65.25;WS10M;marzo;2.71
I0461;La30.25Lo69.75;WS50M;marzo;2.9
I0462;La30.25Lo69.75;WS10M;marzo;2.46
I0463;La30.25Lo69.25;WS50M;marzo;2.68
I0464;La30.25Lo69.25;WS10M;marzo;2.47
I0465;La30.25Lo68.75;WS50M;marzo;3.71
I0466;La30.25Lo68.75;WS10M;marzo;3.31
I0467;La30.25Lo68.25;WS50M;marzo;4.36
I0468;La30.25Lo68.25;WS10M;marzo;3.4
I0469;La30.25Lo67.75;WS50M;marzo;4.89
I0470;La30.25Lo67.75;WS10M;marzo;3.82
I0471;La30.25Lo67.25;WS50M;marzo;5.15
I0472;La30.25Lo67.25;WS10M;marzo;3.97
I0473;La30.25Lo66.75;WS50M;marzo;5.3
I0474;La30.25Lo66.75;WS10M;marzo;3.86
I0475;La30.25Lo66.25;WS50M;marzo;5.56
I0476;La30.25Lo66.25;WS10M;marzo;3.95
I0477;La30.25Lo65.75;WS50M;marzo;5.52
I0478;La30.25Lo65.75;WS10M;marzo;3.83
I0479;La30.25Lo65.25;WS50M;marzo;5.32
I0480;La30.25Lo65.25;WS10M;marzo;3.5
I0481;La29.75Lo69.75;WS50M;marzo;3.15
I0482;La29.75Lo69.75;WS10M;marzo;2.75
I0483;La29.75Lo69.25;WS50M;marzo;2.57
I0484;La29.75Lo69.25;WS10M;marzo;2.23
I0485;La29.75Lo68.75;WS50M;marzo;3.23
I0486;La29.75Lo68.75;WS10M;marzo;3.08
I0487;La29.75Lo68.25;WS50M;marzo;3.74
I0488;La29.75Lo68.25;WS10M;marzo;3.02
I0489;La29.75Lo67.75;WS50M;marzo;4
I0490;La29.75Lo67.75;WS10M;marzo;3.27
I0491;La29.75Lo67.25;WS50M;marzo;4.28
I0492;La29.75Lo67.25;WS10M;marzo;3.49
I0493;La29.75Lo66.75;WS50M;marzo;4.65
I0494;La29.75Lo66.75;WS10M;marzo;3.53
I0495;La29.75Lo66.25;WS50M;marzo;5.69
I0496;La29.75Lo66.25;WS10M;marzo;4.07
I0497;La29.75Lo65.75;WS50M;marzo;5.73
I0498;La29.75Lo65.75;WS10M;marzo;3.97
I0499;La29.75Lo65.25;WS50M;marzo;5.67
I0500;La29.75Lo65.25;WS10M;marzo;3.84
I0501;La29.25Lo69.75;WS50M;marzo;3.55
I0502;La29.25Lo69.75;WS10M;marzo;3.2
I0503;La29.25Lo69.25;WS50M;marzo;3.19
I0504;La29.25Lo69.25;WS10M;marzo;2.58
I0505;La29.25Lo68.75;WS50M;marzo;3.21
I0506;La29.25Lo68.75;WS10M;marzo;3.05
I0507;La29.25Lo68.25;WS50M;marzo;3.31
I0508;La29.25Lo68.25;WS10M;marzo;2.76
I0509;La29.25Lo67.75;WS50M;marzo;3.04
I0510;La29.25Lo67.75;WS10M;marzo;2.61
I0511;La29.25Lo67.25;WS50M;marzo;3.23
I0512;La29.25Lo67.25;WS10M;marzo;2.8
I0513;La29.25Lo66.75;WS50M;marzo;3.88
I0514;La29.25Lo66.75;WS10M;marzo;3.13
I0515;La29.25Lo66.25;WS50M;marzo;4.99
I0516;La29.25Lo66.25;WS10M;marzo;3.69
I0517;La29.25Lo65.75;WS50M;marzo;5.25
I0518;La29.25Lo65.75;WS10M;marzo;3.62
I0519;La29.25Lo65.25;WS50M;marzo;5.09
I0520;La29.25Lo65.25;WS10M;marzo;3.18
I0521;La28.75Lo69.75;WS50M;marzo;3.8
I0522;La28.75Lo69.75;WS10M;marzo;3.54
I0523;La28.75Lo69.25;WS50M;marzo;4.44
I0524;La28.75Lo69.25;WS10M;marzo;3.55
I0525;La28.75Lo68.75;WS50M;marzo;3.55
I0526;La28.75Lo68.75;WS10M;marzo;2.97
I0527;La28.75Lo68.25;WS50M;marzo;3.08
I0528;La28.75Lo68.25;WS10M;marzo;2.66
I0529;La28.75Lo67.75;WS50M;marzo;2.81
I0530;La28.75Lo67.75;WS10M;marzo;2.48
I0531;La28.75Lo67.25;WS50M;marzo;2.91
I0532;La28.75Lo67.25;WS10M;marzo;2.53
I0533;La28.75Lo66.75;WS50M;marzo;3.56
I0534;La28.75Lo66.75;WS10M;marzo;2.86
I0535;La28.75Lo66.25;WS50M;marzo;4.06
I0536;La28.75Lo66.25;WS10M;marzo;3.14
I0537;La28.75Lo65.75;WS50M;marzo;4.63
I0538;La28.75Lo65.75;WS10M;marzo;3.27
I0539;La28.75Lo65.25;WS50M;marzo;4.6
I0540;La28.75Lo65.25;WS10M;marzo;2.82
I0541;La28.25Lo69.75;WS50M;marzo;3.72
I0542;La28.25Lo69.75;WS10M;marzo;3.59
I0543;La28.25Lo69.25;WS50M;marzo;5.04
I0544;La28.25Lo69.25;WS10M;marzo;4.26
I0545;La28.25Lo68.75;WS50M;marzo;4.86
I0546;La28.25Lo68.75;WS10M;marzo;3.72
I0547;La28.25Lo68.25;WS50M;marzo;2.81
I0548;La28.25Lo68.25;WS10M;marzo;2.56
I0549;La28.25Lo67.75;WS50M;marzo;2.88
I0550;La28.25Lo67.75;WS10M;marzo;2.69
I0551;La28.25Lo67.25;WS50M;marzo;3.1
I0552;La28.25Lo67.25;WS10M;marzo;2.62
I0553;La28.25Lo66.75;WS50M;marzo;3.51
I0554;La28.25Lo66.75;WS10M;marzo;2.7
I0555;La28.25Lo66.25;WS50M;marzo;4.05
I0556;La28.25Lo66.25;WS10M;marzo;3.19
I0557;La28.25Lo65.75;WS50M;marzo;4.11
I0558;La28.25Lo65.75;WS10M;marzo;3.08
I0559;La28.25Lo65.25;WS50M;marzo;4.32
I0560;La28.25Lo65.25;WS10M;marzo;2.87
I0561;La27.75Lo69.75;WS50M;marzo;3.44
I0562;La27.75Lo69.75;WS10M;marzo;3.4
I0563;La27.75Lo69.25;WS50M;marzo;4.52
I0564;La27.75Lo69.25;WS10M;marzo;4.09
I0565;La27.75Lo68.75;WS50M;marzo;6.14
I0566;La27.75Lo68.75;WS10M;marzo;5
I0567;La27.75Lo68.25;WS50M;marzo;3
I0568;La27.75Lo68.25;WS10M;marzo;2.51
I0569;La27.75Lo67.75;WS50M;marzo;2.73
I0570;La27.75Lo67.75;WS10M;marzo;2.65
I0571;La27.75Lo67.25;WS50M;marzo;3.18
I0572;La27.75Lo67.25;WS10M;marzo;2.88
I0573;La27.75Lo66.75;WS50M;marzo;3.31
I0574;La27.75Lo66.75;WS10M;marzo;2.81
I0575;La27.75Lo66.25;WS50M;marzo;4.35
I0576;La27.75Lo66.25;WS10M;marzo;3.52
I0577;La27.75Lo65.75;WS50M;marzo;4.05
I0578;La27.75Lo65.75;WS10M;marzo;3.14
I0579;La27.75Lo65.25;WS50M;marzo;4.42
I0580;La27.75Lo65.25;WS10M;marzo;3.11
I0581;La27.25Lo69.75;WS50M;marzo;3.62
I0582;La27.25Lo69.75;WS10M;marzo;3.47
I0583;La27.25Lo69.25;WS50M;marzo;4.24
I0584;La27.25Lo69.25;WS10M;marzo;3.96
I0585;La27.25Lo68.75;WS50M;marzo;5.6
I0586;La27.25Lo68.75;WS10M;marzo;4.85
I0587;La27.25Lo68.25;WS50M;marzo;3.61
I0588;La27.25Lo68.25;WS10M;marzo;2.85
I0589;La27.25Lo67.75;WS50M;marzo;2.76
I0590;La27.25Lo67.75;WS10M;marzo;2.44
I0591;La27.25Lo67.25;WS50M;marzo;3.03
I0592;La27.25Lo67.25;WS10M;marzo;2.79
I0593;La27.25Lo66.75;WS50M;marzo;2.95
I0594;La27.25Lo66.75;WS10M;marzo;2.74
I0595;La27.25Lo66.25;WS50M;marzo;3.75
I0596;La27.25Lo66.25;WS10M;marzo;3.27
I0597;La27.25Lo65.75;WS50M;marzo;3.72
I0598;La27.25Lo65.75;WS10M;marzo;3.06
I0599;La27.25Lo65.25;WS50M;marzo;4.43
I0600;La27.25Lo65.25;WS10M;marzo;3.22
I0601;La31.75Lo69.75;WS50M;abril;2.83
I0602;La31.75Lo69.75;WS10M;abril;2.36
I0603;La31.75Lo69.25;WS50M;abril;2.87
I0604;La31.75Lo69.25;WS10M;abril;2.43
I0605;La31.75Lo68.75;WS50M;abril;4.15
I0606;La31.75Lo68.75;WS10M;abril;3.25
I0607;La31.75Lo68.25;WS50M;abril;4.34
I0608;La31.75Lo68.25;WS10M;abril;3.13
I0609;La31.75Lo67.75;WS50M;abril;4.8
I0610;La31.75Lo67.75;WS10M;abril;3.35
I0611;La31.75Lo67.25;WS50M;abril;5.17
I0612;La31.75Lo67.25;WS10M;abril;3.54
I0613;La31.75Lo66.75;WS50M;abril;5.27
I0614;La31.75Lo66.75;WS10M;abril;3.53
I0615;La31.75Lo66.25;WS50M;abril;5.2
I0616;La31.75Lo66.25;WS10M;abril;3.49
I0617;La31.75Lo65.75;WS50M;abril;4.48
I0618;La31.75Lo65.75;WS10M;abril;2.86
I0619;La31.75Lo65.25;WS50M;abril;4.12
I0620;La31.75Lo65.25;WS10M;abril;2.7
I0621;La31.25Lo69.75;WS50M;abril;2.99
I0622;La31.25Lo69.75;WS10M;abril;2.46
I0623;La31.25Lo69.25;WS50M;abril;2.95
I0624;La31.25Lo69.25;WS10M;abril;2.49
I0625;La31.25Lo68.75;WS50M;abril;3.99
I0626;La31.25Lo68.75;WS10M;abril;3.12
I0627;La31.25Lo68.25;WS50M;abril;4.12
I0628;La31.25Lo68.25;WS10M;abril;3.03
I0629;La31.25Lo67.75;WS50M;abril;4.52
I0630;La31.25Lo67.75;WS10M;abril;3.24
I0631;La31.25Lo67.25;WS50M;abril;5.05
I0632;La31.25Lo67.25;WS10M;abril;3.54
I0633;La31.25Lo66.75;WS50M;abril;5.26
I0634;La31.25Lo66.75;WS10M;abril;3.6
I0635;La31.25Lo66.25;WS50M;abril;5.21
I0636;La31.25Lo66.25;WS10M;abril;3.53
I0637;La31.25Lo65.75;WS50M;abril;4.41
I0638;La31.25Lo65.75;WS10M;abril;2.59
I0639;La31.25Lo65.25;WS50M;abril;4.27
I0640;La31.25Lo65.25;WS10M;abril;2.62
I0641;La30.75Lo69.75;WS50M;abril;3.18
I0642;La30.75Lo69.75;WS10M;abril;2.58
I0643;La30.75Lo69.25;WS50M;abril;2.91
I0644;La30.75Lo69.25;WS10M;abril;2.48
I0645;La30.75Lo68.75;WS50M;abril;3.81
I0646;La30.75Lo68.75;WS10M;abril;3.03
I0647;La30.75Lo68.25;WS50M;abril;4.11
I0648;La30.75Lo68.25;WS10M;abril;2.96
I0649;La30.75Lo67.75;WS50M;abril;4.37
I0650;La30.75Lo67.75;WS10M;abril;3.16
I0651;La30.75Lo67.25;WS50M;abril;4.61
I0652;La30.75Lo67.25;WS10M;abril;3.32
I0653;La30.75Lo66.75;WS50M;abril;4.81
I0654;La30.75Lo66.75;WS10M;abril;3.32
I0655;La30.75Lo66.25;WS50M;abril;4.85
I0656;La30.75Lo66.25;WS10M;abril;3.31
I0657;La30.75Lo65.75;WS50M;abril;4.45
I0658;La30.75Lo65.75;WS10M;abril;2.65
I0659;La30.75Lo65.25;WS50M;abril;4.22
I0660;La30.75Lo65.25;WS10M;abril;2.4
I0661;La30.25Lo69.75;WS50M;abril;3.15
I0662;La30.25Lo69.75;WS10M;abril;2.57
I0663;La30.25Lo69.25;WS50M;abril;2.76
I0664;La30.25Lo69.25;WS10M;abril;2.35
I0665;La30.25Lo68.75;WS50M;abril;3.52
I0666;La30.25Lo68.75;WS10M;abril;2.96
I0667;La30.25Lo68.25;WS50M;abril;3.64
I0668;La30.25Lo68.25;WS10M;abril;2.65
I0669;La30.25Lo67.75;WS50M;abril;4.07
I0670;La30.25Lo67.75;WS10M;abril;3.01
I0671;La30.25Lo67.25;WS50M;abril;4.22
I0672;La30.25Lo67.25;WS10M;abril;3.11
I0673;La30.25Lo66.75;WS50M;abril;4.44
I0674;La30.25Lo66.75;WS10M;abril;3.09
I0675;La30.25Lo66.25;WS50M;abril;4.83
I0676;La30.25Lo66.25;WS10M;abril;3.24
I0677;La30.25Lo65.75;WS50M;abril;4.95
I0678;La30.25Lo65.75;WS10M;abril;3.26
I0679;La30.25Lo65.25;WS50M;abril;4.71
I0680;La30.25Lo65.25;WS10M;abril;2.96
I0681;La29.75Lo69.75;WS50M;abril;3.29
I0682;La29.75Lo69.75;WS10M;abril;2.76
I0683;La29.75Lo69.25;WS50M;abril;3.04
I0684;La29.75Lo69.25;WS10M;abril;2.47
I0685;La29.75Lo68.75;WS50M;abril;3.03
I0686;La29.75Lo68.75;WS10M;abril;2.75
I0687;La29.75Lo68.25;WS50M;abril;3.24
I0688;La29.75Lo68.25;WS10M;abril;2.48
I0689;La29.75Lo67.75;WS50M;abril;3.39
I0690;La29.75Lo67.75;WS10M;abril;2.66
I0691;La29.75Lo67.25;WS50M;abril;3.46
I0692;La29.75Lo67.25;WS10M;abril;2.74
I0693;La29.75Lo66.75;WS50M;abril;3.8
I0694;La29.75Lo66.75;WS10M;abril;2.8
I0695;La29.75Lo66.25;WS50M;abril;4.78
I0696;La29.75Lo66.25;WS10M;abril;3.21
I0697;La29.75Lo65.75;WS50M;abril;4.91
I0698;La29.75Lo65.75;WS10M;abril;3.23
I0699;La29.75Lo65.25;WS50M;abril;4.93
I0700;La29.75Lo65.25;WS10M;abril;3.2
I0701;La29.25Lo69.75;WS50M;abril;3.6
I0702;La29.25Lo69.75;WS10M;abril;3.09
I0703;La29.25Lo69.25;WS50M;abril;3.88
I0704;La29.25Lo69.25;WS10M;abril;3.1
I0705;La29.25Lo68.75;WS50M;abril;2.98
I0706;La29.25Lo68.75;WS10M;abril;2.63
I0707;La29.25Lo68.25;WS50M;abril;2.97
I0708;La29.25Lo68.25;WS10M;abril;2.36
I0709;La29.25Lo67.75;WS50M;abril;2.64
I0710;La29.25Lo67.75;WS10M;abril;2.19
I0711;La29.25Lo67.25;WS50M;abril;2.67
I0712;La29.25Lo67.25;WS10M;abril;2.26
I0713;La29.25Lo66.75;WS50M;abril;3.23
I0714;La29.25Lo66.75;WS10M;abril;2.55
I0715;La29.25Lo66.25;WS50M;abril;4.06
I0716;La29.25Lo66.25;WS10M;abril;2.88
I0717;La29.25Lo65.75;WS50M;abril;4.38
I0718;La29.25Lo65.75;WS10M;abril;2.89
I0719;La29.25Lo65.25;WS50M;abril;4.42
I0720;La29.25Lo65.25;WS10M;abril;2.64
I0721;La28.75Lo69.75;WS50M;abril;3.78
I0722;La28.75Lo69.75;WS10M;abril;3.35
I0723;La28.75Lo69.25;WS50M;abril;4.98
I0724;La28.75Lo69.25;WS10M;abril;3.93
I0725;La28.75Lo68.75;WS50M;abril;4.01
I0726;La28.75Lo68.75;WS10M;abril;3.08
I0727;La28.75Lo68.25;WS50M;abril;2.76
I0728;La28.75Lo68.25;WS10M;abril;2.3
I0729;La28.75Lo67.75;WS50M;abril;2.42
I0730;La28.75Lo67.75;WS10M;abril;2.06
I0731;La28.75Lo67.25;WS50M;abril;2.46
I0732;La28.75Lo67.25;WS10M;abril;2.06
I0733;La28.75Lo66.75;WS50M;abril;3.08
I0734;La28.75Lo66.75;WS10M;abril;2.4
I0735;La28.75Lo66.25;WS50M;abril;3.42
I0736;La28.75Lo66.25;WS10M;abril;2.58
I0737;La28.75Lo65.75;WS50M;abril;3.91
I0738;La28.75Lo65.75;WS10M;abril;2.7
I0739;La28.75Lo65.25;WS50M;abril;3.99
I0740;La28.75Lo65.25;WS10M;abril;2.38
I0741;La28.25Lo69.75;WS50M;abril;3.6
I0742;La28.25Lo69.75;WS10M;abril;3.35
I0743;La28.25Lo69.25;WS50M;abril;5.13
I0744;La28.25Lo69.25;WS10M;abril;4.18
I0745;La28.25Lo68.75;WS50M;abril;5.62
I0746;La28.25Lo68.75;WS10M;abril;4.36
I0747;La28.25Lo68.25;WS50M;abril;2.81
I0748;La28.25Lo68.25;WS10M;abril;2.35
I0749;La28.25Lo67.75;WS50M;abril;2.51
I0750;La28.25Lo67.75;WS10M;abril;2.24
I0751;La28.25Lo67.25;WS50M;abril;2.65
I0752;La28.25Lo67.25;WS10M;abril;2.18
I0753;La28.25Lo66.75;WS50M;abril;2.98
I0754;La28.25Lo66.75;WS10M;abril;2.22
I0755;La28.25Lo66.25;WS50M;abril;3.29
I0756;La28.25Lo66.25;WS10M;abril;2.52
I0757;La28.25Lo65.75;WS50M;abril;3.44
I0758;La28.25Lo65.75;WS10M;abril;2.5
I0759;La28.25Lo65.25;WS50M;abril;3.7
I0760;La28.25Lo65.25;WS10M;abril;2.39
I0761;La27.75Lo69.75;WS50M;abril;3.4
I0762;La27.75Lo69.75;WS10M;abril;3.21
I0763;La27.75Lo69.25;WS50M;abril;4.31
I0764;La27.75Lo69.25;WS10M;abril;3.74
I0765;La27.75Lo68.75;WS50M;abril;6.06
I0766;La27.75Lo68.75;WS10M;abril;4.85
I0767;La27.75Lo68.25;WS50M;abril;3.74
I0768;La27.75Lo68.25;WS10M;abril;2.95
I0769;La27.75Lo67.75;WS50M;abril;2.51
I0770;La27.75Lo67.75;WS10M;abril;2.25
I0771;La27.75Lo67.25;WS50M;abril;2.83
I0772;La27.75Lo67.25;WS10M;abril;2.48
I0773;La27.75Lo66.75;WS50M;abril;2.94
I0774;La27.75Lo66.75;WS10M;abril;2.44
I0775;La27.75Lo66.25;WS50M;abril;3.5
I0776;La27.75Lo66.25;WS10M;abril;2.74
I0777;La27.75Lo65.75;WS50M;abril;3.24
I0778;La27.75Lo65.75;WS10M;abril;2.46
I0779;La27.75Lo65.25;WS50M;abril;3.6
I0780;La27.75Lo65.25;WS10M;abril;2.45
I0781;La27.25Lo69.75;WS50M;abril;3.67
I0782;La27.25Lo69.75;WS10M;abril;3.36
I0783;La27.25Lo69.25;WS50M;abril;4.1
I0784;La27.25Lo69.25;WS10M;abril;3.67
I0785;La27.25Lo68.75;WS50M;abril;5.22
I0786;La27.25Lo68.75;WS10M;abril;4.35
I0787;La27.25Lo68.25;WS50M;abril;4.39
I0788;La27.25Lo68.25;WS10M;abril;3.48
I0789;La27.25Lo67.75;WS50M;abril;3.28
I0790;La27.25Lo67.75;WS10M;abril;2.63
I0791;La27.25Lo67.25;WS50M;abril;3.05
I0792;La27.25Lo67.25;WS10M;abril;2.52
I0793;La27.25Lo66.75;WS50M;abril;2.9
I0794;La27.25Lo66.75;WS10M;abril;2.48
I0795;La27.25Lo66.25;WS50M;abril;3.22
I0796;La27.25Lo66.25;WS10M;abril;2.73
I0797;La27.25Lo65.75;WS50M;abril;3.02
I0798;La27.25Lo65.75;WS10M;abril;2.47
I0799;La27.25Lo65.25;WS50M;abril;3.52
I0800;La27.25Lo65.25;WS10M;abril;2.5
I0801;La31.75Lo69.75;WS50M;mayo;4.38
I0802;La31.75Lo69.75;WS10M;mayo;3.56
I0803;La31.75Lo69.25;WS50M;mayo;3.4
I0804;La31.75Lo69.25;WS10M;mayo;2.56
I0805;La31.75Lo68.75;WS50M;mayo;4.07
I0806;La31.75Lo68.75;WS10M;mayo;3.05
I0807;La31.75Lo68.25;WS50M;mayo;4.41
I0808;La31.75Lo68.25;WS10M;mayo;3.2
I0809;La31.75Lo67.75;WS50M;mayo;5.12
I0810;La31.75Lo67.75;WS10M;mayo;3.6
I0811;La31.75Lo67.25;WS50M;mayo;5.58
I0812;La31.75Lo67.25;WS10M;mayo;3.86
I0813;La31.75Lo66.75;WS50M;mayo;5.72
I0814;La31.75Lo66.75;WS10M;mayo;3.9
I0815;La31.75Lo66.25;WS50M;mayo;5.34
I0816;La31.75Lo66.25;WS10M;mayo;3.59
I0817;La31.75Lo65.75;WS50M;mayo;4.38
I0818;La31.75Lo65.75;WS10M;mayo;2.82
I0819;La31.75Lo65.25;WS50M;mayo;3.85
I0820;La31.75Lo65.25;WS10M;mayo;2.55
I0821;La31.25Lo69.75;WS50M;mayo;4.97
I0822;La31.25Lo69.75;WS10M;mayo;4
I0823;La31.25Lo69.25;WS50M;mayo;3.53
I0824;La31.25Lo69.25;WS10M;mayo;2.65
I0825;La31.25Lo68.75;WS50M;mayo;3.99
I0826;La31.25Lo68.75;WS10M;mayo;2.99
I0827;La31.25Lo68.25;WS50M;mayo;4.28
I0828;La31.25Lo68.25;WS10M;mayo;3.19
I0829;La31.25Lo67.75;WS50M;mayo;4.83
I0830;La31.25Lo67.75;WS10M;mayo;3.53
I0831;La31.25Lo67.25;WS50M;mayo;5.47
I0832;La31.25Lo67.25;WS10M;mayo;3.91
I0833;La31.25Lo66.75;WS50M;mayo;5.79
I0834;La31.25Lo66.75;WS10M;mayo;4.08
I0835;La31.25Lo66.25;WS50M;mayo;5.64
I0836;La31.25Lo66.25;WS10M;mayo;3.91
I0837;La31.25Lo65.75;WS50M;mayo;4.57
I0838;La31.25Lo65.75;WS10M;mayo;2.76
I0839;La31.25Lo65.25;WS50M;mayo;4.05
I0840;La31.25Lo65.25;WS10M;mayo;2.49
I0841;La30.75Lo69.75;WS50M;mayo;5.31
I0842;La30.75Lo69.75;WS10M;mayo;4.29
I0843;La30.75Lo69.25;WS50M;mayo;3.74
I0844;La30.75Lo69.25;WS10M;mayo;2.86
I0845;La30.75Lo68.75;WS50M;mayo;3.42
I0846;La30.75Lo68.75;WS10M;mayo;2.65
I0847;La30.75Lo68.25;WS50M;mayo;4.1
I0848;La30.75Lo68.25;WS10M;mayo;2.96
I0849;La30.75Lo67.75;WS50M;mayo;4.52
I0850;La30.75Lo67.75;WS10M;mayo;3.3
I0851;La30.75Lo67.25;WS50M;mayo;4.92
I0852;La30.75Lo67.25;WS10M;mayo;3.59
I0853;La30.75Lo66.75;WS50M;mayo;5.24
I0854;La30.75Lo66.75;WS10M;mayo;3.73
I0855;La30.75Lo66.25;WS50M;mayo;5.24
I0856;La30.75Lo66.25;WS10M;mayo;3.68
I0857;La30.75Lo65.75;WS50M;mayo;4.69
I0858;La30.75Lo65.75;WS10M;mayo;2.86
I0859;La30.75Lo65.25;WS50M;mayo;4.11
I0860;La30.75Lo65.25;WS10M;mayo;2.35
I0861;La30.25Lo69.75;WS50M;mayo;5.13
I0862;La30.25Lo69.75;WS10M;mayo;4.22
I0863;La30.25Lo69.25;WS50M;mayo;4.06
I0864;La30.25Lo69.25;WS10M;mayo;3.21
I0865;La30.25Lo68.75;WS50M;mayo;2.88
I0866;La30.25Lo68.75;WS10M;mayo;2.41
I0867;La30.25Lo68.25;WS50M;mayo;3.51
I0868;La30.25Lo68.25;WS10M;mayo;2.57
I0869;La30.25Lo67.75;WS50M;mayo;4.05
I0870;La30.25Lo67.75;WS10M;mayo;2.98
I0871;La30.25Lo67.25;WS50M;mayo;4.32
I0872;La30.25Lo67.25;WS10M;mayo;3.16
I0873;La30.25Lo66.75;WS50M;mayo;4.72
I0874;La30.25Lo66.75;WS10M;mayo;3.32
I0875;La30.25Lo66.25;WS50M;mayo;5.07
I0876;La30.25Lo66.25;WS10M;mayo;3.47
I0877;La30.25Lo65.75;WS50M;mayo;5.1
I0878;La30.25Lo65.75;WS10M;mayo;3.38
I0879;La30.25Lo65.25;WS50M;mayo;4.61
I0880;La30.25Lo65.25;WS10M;mayo;2.92
I0881;La29.75Lo69.75;WS50M;mayo;5.07
I0882;La29.75Lo69.75;WS10M;mayo;4.2
I0883;La29.75Lo69.25;WS50M;mayo;4.89
I0884;La29.75Lo69.25;WS10M;mayo;3.85
I0885;La29.75Lo68.75;WS50M;mayo;2.63
I0886;La29.75Lo68.75;WS10M;mayo;2.23
I0887;La29.75Lo68.25;WS50M;mayo;3.07
I0888;La29.75Lo68.25;WS10M;mayo;2.34
I0889;La29.75Lo67.75;WS50M;mayo;3.27
I0890;La29.75Lo67.75;WS10M;mayo;2.54
I0891;La29.75Lo67.25;WS50M;mayo;3.3
I0892;La29.75Lo67.25;WS10M;mayo;2.56
I0893;La29.75Lo66.75;WS50M;mayo;3.81
I0894;La29.75Lo66.75;WS10M;mayo;2.77
I0895;La29.75Lo66.25;WS50M;mayo;4.88
I0896;La29.75Lo66.25;WS10M;mayo;3.29
I0897;La29.75Lo65.75;WS50M;mayo;4.94
I0898;La29.75Lo65.75;WS10M;mayo;3.25
I0899;La29.75Lo65.25;WS50M;mayo;4.85
I0900;La29.75Lo65.25;WS10M;mayo;3.15
I0901;La29.25Lo69.75;WS50M;mayo;5.23
I0902;La29.25Lo69.75;WS10M;mayo;4.39
I0903;La29.25Lo69.25;WS50M;mayo;6.06
I0904;La29.25Lo69.25;WS10M;mayo;4.79
I0905;La29.25Lo68.75;WS50M;mayo;3.77
I0906;La29.25Lo68.75;WS10M;mayo;2.93
I0907;La29.25Lo68.25;WS50M;mayo;2.98
I0908;La29.25Lo68.25;WS10M;mayo;2.28
I0909;La29.25Lo67.75;WS50M;mayo;2.53
I0910;La29.25Lo67.75;WS10M;mayo;2.03
I0911;La29.25Lo67.25;WS50M;mayo;2.43
I0912;La29.25Lo67.25;WS10M;mayo;2
I0913;La29.25Lo66.75;WS50M;mayo;2.99
I0914;La29.25Lo66.75;WS10M;mayo;2.33
I0915;La29.25Lo66.25;WS50M;mayo;3.9
I0916;La29.25Lo66.25;WS10M;mayo;2.74
I0917;La29.25Lo65.75;WS50M;mayo;4.42
I0918;La29.25Lo65.75;WS10M;mayo;2.91
I0919;La29.25Lo65.25;WS50M;mayo;4.49
I0920;La29.25Lo65.25;WS10M;mayo;2.69
I0921;La28.75Lo69.75;WS50M;mayo;5.2
I0922;La28.75Lo69.75;WS10M;mayo;4.44
I0923;La28.75Lo69.25;WS50M;mayo;7.59
I0924;La28.75Lo69.25;WS10M;mayo;6.12
I0925;La28.75Lo68.75;WS50M;mayo;6.57
I0926;La28.75Lo68.75;WS10M;mayo;4.96
I0927;La28.75Lo68.25;WS50M;mayo;3.14
I0928;La28.75Lo68.25;WS10M;mayo;2.42
I0929;La28.75Lo67.75;WS50M;mayo;2.32
I0930;La28.75Lo67.75;WS10M;mayo;1.86
I0931;La28.75Lo67.25;WS50M;mayo;2.09
I0932;La28.75Lo67.25;WS10M;mayo;1.72
I0933;La28.75Lo66.75;WS50M;mayo;2.82
I0934;La28.75Lo66.75;WS10M;mayo;2.19
I0935;La28.75Lo66.25;WS50M;mayo;3.22
I0936;La28.75Lo66.25;WS10M;mayo;2.42
I0937;La28.75Lo65.75;WS50M;mayo;3.96
I0938;La28.75Lo65.75;WS10M;mayo;2.73
I0939;La28.75Lo65.25;WS50M;mayo;4.15
I0940;La28.75Lo65.25;WS10M;mayo;2.49
I0941;La28.25Lo69.75;WS50M;mayo;4.61
I0942;La28.25Lo69.75;WS10M;mayo;4
I0943;La28.25Lo69.25;WS50M;mayo;7.63
I0944;La28.25Lo69.25;WS10M;mayo;6.31
I0945;La28.25Lo68.75;WS50M;mayo;9.12
I0946;La28.25Lo68.75;WS10M;mayo;7.3
I0947;La28.25Lo68.25;WS50M;mayo;4.38
I0948;La28.25Lo68.25;WS10M;mayo;3.37
I0949;La28.25Lo67.75;WS50M;mayo;2.22
I0950;La28.25Lo67.75;WS10M;mayo;1.84
I0951;La28.25Lo67.25;WS50M;mayo;2.19
I0952;La28.25Lo67.25;WS10M;mayo;1.81
I0953;La28.25Lo66.75;WS50M;mayo;2.65
I0954;La28.25Lo66.75;WS10M;mayo;1.98
I0955;La28.25Lo66.25;WS50M;mayo;3.09
I0956;La28.25Lo66.25;WS10M;mayo;2.33
I0957;La28.25Lo65.75;WS50M;mayo;3.36
I0958;La28.25Lo65.75;WS10M;mayo;2.46
I0959;La28.25Lo65.25;WS50M;mayo;3.67
I0960;La28.25Lo65.25;WS10M;mayo;2.38
I0961;La27.75Lo69.75;WS50M;mayo;4.01
I0962;La27.75Lo69.75;WS10M;mayo;3.49
I0963;La27.75Lo69.25;WS50M;mayo;6.27
I0964;La27.75Lo69.25;WS10M;mayo;5.26
I0965;La27.75Lo68.75;WS50M;mayo;9.12
I0966;La27.75Lo68.75;WS10M;mayo;7.53
I0967;La27.75Lo68.25;WS50M;mayo;6.53
I0968;La27.75Lo68.25;WS10M;mayo;5.05
I0969;La27.75Lo67.75;WS50M;mayo;3.08
I0970;La27.75Lo67.75;WS10M;mayo;2.43
I0971;La27.75Lo67.25;WS50M;mayo;2.35
I0972;La27.75Lo67.25;WS10M;mayo;2.03
I0973;La27.75Lo66.75;WS50M;mayo;2.54
I0974;La27.75Lo66.75;WS10M;mayo;2.11
I0975;La27.75Lo66.25;WS50M;mayo;3.13
I0976;La27.75Lo66.25;WS10M;mayo;2.4
I0977;La27.75Lo65.75;WS50M;mayo;2.86
I0978;La27.75Lo65.75;WS10M;mayo;2.17
I0979;La27.75Lo65.25;WS50M;mayo;3.35
I0980;La27.75Lo65.25;WS10M;mayo;2.27
I0981;La27.25Lo69.75;WS50M;mayo;4.25
I0982;La27.25Lo69.75;WS10M;mayo;3.58
I0983;La27.25Lo69.25;WS50M;mayo;5.6
I0984;La27.25Lo69.25;WS10M;mayo;4.7
I0985;La27.25Lo68.75;WS50M;mayo;7.92
I0986;La27.25Lo68.75;WS10M;mayo;6.64
I0987;La27.25Lo68.25;WS50M;mayo;7.76
I0988;La27.25Lo68.25;WS10M;mayo;6.27
I0989;La27.25Lo67.75;WS50M;mayo;5.29
I0990;La27.25Lo67.75;WS10M;mayo;4.03
I0991;La27.25Lo67.25;WS50M;mayo;3.77
I0992;La27.25Lo67.25;WS10M;mayo;2.8
I0993;La27.25Lo66.75;WS50M;mayo;3.3
I0994;La27.25Lo66.75;WS10M;mayo;2.58
I0995;La27.25Lo66.25;WS50M;mayo;2.89
I0996;La27.25Lo66.25;WS10M;mayo;2.35
I0997;La27.25Lo65.75;WS50M;mayo;2.47
I0998;La27.25Lo65.75;WS10M;mayo;2.01
I0999;La27.25Lo65.25;WS50M;mayo;3.22
I1000;La27.25Lo65.25;WS10M;mayo;2.24
I1001;La31.75Lo69.75;WS50M;junio;6.67
I1002;La31.75Lo69.75;WS10M;junio;5.1
I1003;La31.75Lo69.25;WS50M;junio;5.31
I1004;La31.75Lo69.25;WS10M;junio;3.75
I1005;La31.75Lo68.75;WS50M;junio;4.4
I1006;La31.75Lo68.75;WS10M;junio;3.09
I1007;La31.75Lo68.25;WS50M;junio;4.25
I1008;La31.75Lo68.25;WS10M;junio;2.98
I1009;La31.75Lo67.75;WS50M;junio;4.97
I1010;La31.75Lo67.75;WS10M;junio;3.38
I1011;La31.75Lo67.25;WS50M;junio;5.46
I1012;La31.75Lo67.25;WS10M;junio;3.68
I1013;La31.75Lo66.75;WS50M;junio;5.57
I1014;La31.75Lo66.75;WS10M;junio;3.77
I1015;La31.75Lo66.25;WS50M;junio;5.23
I1016;La31.75Lo66.25;WS10M;junio;3.53
I1017;La31.75Lo65.75;WS50M;junio;4.3
I1018;La31.75Lo65.75;WS10M;junio;2.81
I1019;La31.75Lo65.25;WS50M;junio;4.01
I1020;La31.75Lo65.25;WS10M;junio;2.65
I1021;La31.25Lo69.75;WS50M;junio;7.38
I1022;La31.25Lo69.75;WS10M;junio;5.65
I1023;La31.25Lo69.25;WS50M;junio;5.4
I1024;La31.25Lo69.25;WS10M;junio;3.8
I1025;La31.25Lo68.75;WS50M;junio;4.6
I1026;La31.25Lo68.75;WS10M;junio;3.21
I1027;La31.25Lo68.25;WS50M;junio;4.33
I1028;La31.25Lo68.25;WS10M;junio;3.07
I1029;La31.25Lo67.75;WS50M;junio;4.63
I1030;La31.25Lo67.75;WS10M;junio;3.25
I1031;La31.25Lo67.25;WS50M;junio;5.27
I1032;La31.25Lo67.25;WS10M;junio;3.65
I1033;La31.25Lo66.75;WS50M;junio;5.63
I1034;La31.25Lo66.75;WS10M;junio;3.9
I1035;La31.25Lo66.25;WS50M;junio;5.64
I1036;La31.25Lo66.25;WS10M;junio;3.9
I1037;La31.25Lo65.75;WS50M;junio;4.62
I1038;La31.25Lo65.75;WS10M;junio;2.84
I1039;La31.25Lo65.25;WS50M;junio;4.26
I1040;La31.25Lo65.25;WS10M;junio;2.65
I1041;La30.75Lo69.75;WS50M;junio;7.96
I1042;La30.75Lo69.75;WS10M;junio;6.13
I1043;La30.75Lo69.25;WS50M;junio;5.69
I1044;La30.75Lo69.25;WS10M;junio;4.13
I1045;La30.75Lo68.75;WS50M;junio;3.92
I1046;La30.75Lo68.75;WS10M;junio;2.8
I1047;La30.75Lo68.25;WS50M;junio;4.19
I1048;La30.75Lo68.25;WS10M;junio;2.87
I1049;La30.75Lo67.75;WS50M;junio;4.29
I1050;La30.75Lo67.75;WS10M;junio;2.98
I1051;La30.75Lo67.25;WS50M;junio;4.44
I1052;La30.75Lo67.25;WS10M;junio;3.14
I1053;La30.75Lo66.75;WS50M;junio;4.86
I1054;La30.75Lo66.75;WS10M;junio;3.41
I1055;La30.75Lo66.25;WS50M;junio;5.03
I1056;La30.75Lo66.25;WS10M;junio;3.53
I1057;La30.75Lo65.75;WS50M;junio;4.7
I1058;La30.75Lo65.75;WS10M;junio;2.9
I1059;La30.75Lo65.25;WS50M;junio;4.21
I1060;La30.75Lo65.25;WS10M;junio;2.44
I1061;La30.25Lo69.75;WS50M;junio;7.82
I1062;La30.25Lo69.75;WS10M;junio;6.15
I1063;La30.25Lo69.25;WS50M;junio;6.46
I1064;La30.25Lo69.25;WS10M;junio;4.85
I1065;La30.25Lo68.75;WS50M;junio;3.13
I1066;La30.25Lo68.75;WS10M;junio;2.42
I1067;La30.25Lo68.25;WS50M;junio;3.48
I1068;La30.25Lo68.25;WS10M;junio;2.43
I1069;La30.25Lo67.75;WS50M;junio;3.68
I1070;La30.25Lo67.75;WS10M;junio;2.59
I1071;La30.25Lo67.25;WS50M;junio;3.6
I1072;La30.25Lo67.25;WS10M;junio;2.58
I1073;La30.25Lo66.75;WS50M;junio;4.12
I1074;La30.25Lo66.75;WS10M;junio;2.87
I1075;La30.25Lo66.25;WS50M;junio;4.71
I1076;La30.25Lo66.25;WS10M;junio;3.17
I1077;La30.25Lo65.75;WS50M;junio;4.96
I1078;La30.25Lo65.75;WS10M;junio;3.28
I1079;La30.25Lo65.25;WS50M;junio;4.63
I1080;La30.25Lo65.25;WS10M;junio;2.92
I1081;La29.75Lo69.75;WS50M;junio;7.66
I1082;La29.75Lo69.75;WS10M;junio;6.11
I1083;La29.75Lo69.25;WS50M;junio;7.7
I1084;La29.75Lo69.25;WS10M;junio;5.9
I1085;La29.75Lo68.75;WS50M;junio;3.19
I1086;La29.75Lo68.75;WS10M;junio;2.45
I1087;La29.75Lo68.25;WS50M;junio;3.46
I1088;La29.75Lo68.25;WS10M;junio;2.48
I1089;La29.75Lo67.75;WS50M;junio;3.14
I1090;La29.75Lo67.75;WS10M;junio;2.32
I1091;La29.75Lo67.25;WS50M;junio;2.58
I1092;La29.75Lo67.25;WS10M;junio;2
I1093;La29.75Lo66.75;WS50M;junio;3.21
I1094;La29.75Lo66.75;WS10M;junio;2.34
I1095;La29.75Lo66.25;WS50M;junio;4.26
I1096;La29.75Lo66.25;WS10M;junio;2.79
I1097;La29.75Lo65.75;WS50M;junio;4.57
I1098;La29.75Lo65.75;WS10M;junio;2.95
I1099;La29.75Lo65.25;WS50M;junio;4.72
I1100;La29.75Lo65.25;WS10M;junio;3.02
I1101;La29.25Lo69.75;WS50M;junio;7.66
I1102;La29.25Lo69.75;WS10M;junio;6.15
I1103;La29.25Lo69.25;WS50M;junio;9.05
I1104;La29.25Lo69.25;WS10M;junio;7.02
I1105;La29.25Lo68.75;WS50M;junio;5.72
I1106;La29.25Lo68.75;WS10M;junio;4.13
I1107;La29.25Lo68.25;WS50M;junio;3.98
I1108;La29.25Lo68.25;WS10M;junio;2.81
I1109;La29.25Lo67.75;WS50M;junio;2.99
I1110;La29.25Lo67.75;WS10M;junio;2.21
I1111;La29.25Lo67.25;WS50M;junio;2.18
I1112;La29.25Lo67.25;WS10M;junio;1.74
I1113;La29.25Lo66.75;WS50M;junio;2.64
I1114;La29.25Lo66.75;WS10M;junio;2.06
I1115;La29.25Lo66.25;WS50M;junio;3.4
I1116;La29.25Lo66.25;WS10M;junio;2.37
I1117;La29.25Lo65.75;WS50M;junio;4.01
I1118;La29.25Lo65.75;WS10M;junio;2.61
I1119;La29.25Lo65.25;WS50M;junio;4.37
I1120;La29.25Lo65.25;WS10M;junio;2.61
I1121;La28.75Lo69.75;WS50M;junio;7.04
I1122;La28.75Lo69.75;WS10M;junio;5.75
I1123;La28.75Lo69.25;WS50M;junio;10.7
I1124;La28.75Lo69.25;WS10M;junio;8.47
I1125;La28.75Lo68.75;WS50M;junio;9.84
I1126;La28.75Lo68.75;WS10M;junio;7.36
I1127;La28.75Lo68.25;WS50M;junio;4.6
I1128;La28.75Lo68.25;WS10M;junio;3.32
I1129;La28.75Lo67.75;WS50M;junio;2.8
I1130;La28.75Lo67.75;WS10M;junio;2.06
I1131;La28.75Lo67.25;WS50M;junio;1.93
I1132;La28.75Lo67.25;WS10M;junio;1.55
I1133;La28.75Lo66.75;WS50M;junio;2.73
I1134;La28.75Lo66.75;WS10M;junio;2.09
I1135;La28.75Lo66.25;WS50M;junio;2.94
I1136;La28.75Lo66.25;WS10M;junio;2.2
I1137;La28.75Lo65.75;WS50M;junio;3.77
I1138;La28.75Lo65.75;WS10M;junio;2.6
I1139;La28.75Lo65.25;WS50M;junio;4.19
I1140;La28.75Lo65.25;WS10M;junio;2.55
I1141;La28.25Lo69.75;WS50M;junio;5.66
I1142;La28.25Lo69.75;WS10M;junio;4.74
I1143;La28.25Lo69.25;WS50M;junio;10.18
I1144;La28.25Lo69.25;WS10M;junio;8.23
I1145;La28.25Lo68.75;WS50M;junio;12.59
I1146;La28.25Lo68.75;WS10M;junio;9.95
I1147;La28.25Lo68.25;WS50M;junio;6.9
I1148;La28.25Lo68.25;WS10M;junio;5.04
I1149;La28.25Lo67.75;WS50M;junio;2.88
I1150;La28.25Lo67.75;WS10M;junio;2.13
I1151;La28.25Lo67.25;WS50M;junio;1.95
I1152;La28.25Lo67.25;WS10M;junio;1.61
I1153;La28.25Lo66.75;WS50M;junio;2.68
I1154;La28.25Lo66.75;WS10M;junio;1.98
I1155;La28.25Lo66.25;WS50M;junio;3.15
I1156;La28.25Lo66.25;WS10M;junio;2.34
I1157;La28.25Lo65.75;WS50M;junio;3.28
I1158;La28.25Lo65.75;WS10M;junio;2.39
I1159;La28.25Lo65.25;WS50M;junio;3.78
I1160;La28.25Lo65.25;WS10M;junio;2.47
I1161;La27.75Lo69.75;WS50M;junio;4.66
I1162;La27.75Lo69.75;WS10M;junio;3.91
I1163;La27.75Lo69.25;WS50M;junio;7.85
I1164;La27.75Lo69.25;WS10M;junio;6.38
I1165;La27.75Lo68.75;WS50M;junio;11.93
I1166;La27.75Lo68.75;WS10M;junio;9.66
I1167;La27.75Lo68.25;WS50M;junio;9.56
I1168;La27.75Lo68.25;WS10M;junio;7.27
I1169;La27.75Lo67.75;WS50M;junio;4.88
I1170;La27.75Lo67.75;WS10M;junio;3.58
I1171;La27.75Lo67.25;WS50M;junio;2.72
I1172;La27.75Lo67.25;WS10M;junio;2.13
I1173;La27.75Lo66.75;WS50M;junio;2.53
I1174;La27.75Lo66.75;WS10M;junio;2.03
I1175;La27.75Lo66.25;WS50M;junio;3.08
I1176;La27.75Lo66.25;WS10M;junio;2.29
I1177;La27.75Lo65.75;WS50M;junio;2.7
I1178;La27.75Lo65.75;WS10M;junio;2.05
I1179;La27.75Lo65.25;WS50M;junio;3.41
I1180;La27.75Lo65.25;WS10M;junio;2.32
I1181;La27.25Lo69.75;WS50M;junio;4.75
I1182;La27.25Lo69.75;WS10M;junio;3.84
I1183;La27.25Lo69.25;WS50M;junio;6.57
I1184;La27.25Lo69.25;WS10M;junio;5.35
I1185;La27.25Lo68.75;WS50M;junio;9.88
I1186;La27.25Lo68.75;WS10M;junio;8.13
I1187;La27.25Lo68.25;WS50M;junio;10.53
I1188;La27.25Lo68.25;WS10M;junio;8.42
I1189;La27.25Lo67.75;WS50M;junio;7.61
I1190;La27.25Lo67.75;WS10M;junio;5.73
I1191;La27.25Lo67.25;WS50M;junio;5.5
I1192;La27.25Lo67.25;WS10M;junio;3.92
I1193;La27.25Lo66.75;WS50M;junio;4.48
I1194;La27.25Lo66.75;WS10M;junio;3.25
I1195;La27.25Lo66.25;WS50M;junio;3.3
I1196;La27.25Lo66.25;WS10M;junio;2.45
I1197;La27.25Lo65.75;WS50M;junio;2.29
I1198;La27.25Lo65.75;WS10M;junio;1.86
I1199;La27.25Lo65.25;WS50M;junio;3.26
I1200;La27.25Lo65.25;WS10M;junio;2.27
I1201;La31.75Lo69.75;WS50M;julio;5.84
I1202;La31.75Lo69.75;WS10M;julio;4.62
I1203;La31.75Lo69.25;WS50M;julio;4.79
I1204;La31.75Lo69.25;WS10M;julio;3.56
I1205;La31.75Lo68.75;WS50M;julio;4.21
I1206;La31.75Lo68.75;WS10M;julio;3.03
I1207;La31.75Lo68.25;WS50M;julio;4
I1208;La31.75Lo68.25;WS10M;julio;2.84
I1209;La31.75Lo67.75;WS50M;julio;4.68
I1210;La31.75Lo67.75;WS10M;julio;3.19
I1211;La31.75Lo67.25;WS50M;julio;5.09
I1212;La31.75Lo67.25;WS10M;julio;3.4
I1213;La31.75Lo66.75;WS50M;julio;5.26
I1214;La31.75Lo66.75;WS10M;julio;3.52
I1215;La31.75Lo66.25;WS50M;julio;5.11
I1216;La31.75Lo66.25;WS10M;julio;3.41
I1217;La31.75Lo65.75;WS50M;julio;4.59
I1218;La31.75Lo65.75;WS10M;julio;2.96
I1219;La31.75Lo65.25;WS50M;julio;4.1
I1220;La31.75Lo65.25;WS10M;julio;2.68
I1221;La31.25Lo69.75;WS50M;julio;6.38
I1222;La31.25Lo69.75;WS10M;julio;4.99
I1223;La31.25Lo69.25;WS50M;julio;4.92
I1224;La31.25Lo69.25;WS10M;julio;3.61
I1225;La31.25Lo68.75;WS50M;julio;4.37
I1226;La31.25Lo68.75;WS10M;julio;3.11
I1227;La31.25Lo68.25;WS50M;julio;4.01
I1228;La31.25Lo68.25;WS10M;julio;2.89
I1229;La31.25Lo67.75;WS50M;julio;4.45
I1230;La31.25Lo67.75;WS10M;julio;3.15
I1231;La31.25Lo67.25;WS50M;julio;4.99
I1232;La31.25Lo67.25;WS10M;julio;3.46
I1233;La31.25Lo66.75;WS50M;julio;5.23
I1234;La31.25Lo66.75;WS10M;julio;3.6
I1235;La31.25Lo66.25;WS50M;julio;5.19
I1236;La31.25Lo66.25;WS10M;julio;3.57
I1237;La31.25Lo65.75;WS50M;julio;4.58
I1238;La31.25Lo65.75;WS10M;julio;2.79
I1239;La31.25Lo65.25;WS50M;julio;4.26
I1240;La31.25Lo65.25;WS10M;julio;2.64
I1241;La30.75Lo69.75;WS50M;julio;6.63
I1242;La30.75Lo69.75;WS10M;julio;5.22
I1243;La30.75Lo69.25;WS50M;julio;5.26
I1244;La30.75Lo69.25;WS10M;julio;3.96
I1245;La30.75Lo68.75;WS50M;julio;3.86
I1246;La30.75Lo68.75;WS10M;julio;2.82
I1247;La30.75Lo68.25;WS50M;julio;4.04
I1248;La30.75Lo68.25;WS10M;julio;2.83
I1249;La30.75Lo67.75;WS50M;julio;4.19
I1250;La30.75Lo67.75;WS10M;julio;2.97
I1251;La30.75Lo67.25;WS50M;julio;4.27
I1252;La30.75Lo67.25;WS10M;julio;3.05
I1253;La30.75Lo66.75;WS50M;julio;4.47
I1254;La30.75Lo66.75;WS10M;julio;3.15
I1255;La30.75Lo66.25;WS50M;julio;4.62
I1256;La30.75Lo66.25;WS10M;julio;3.23
I1257;La30.75Lo65.75;WS50M;julio;4.46
I1258;La30.75Lo65.75;WS10M;julio;2.75
I1259;La30.75Lo65.25;WS50M;julio;4.27
I1260;La30.75Lo65.25;WS10M;julio;2.49
I1261;La30.25Lo69.75;WS50M;julio;6.22
I1262;La30.25Lo69.75;WS10M;julio;4.99
I1263;La30.25Lo69.25;WS50M;julio;5.67
I1264;La30.25Lo69.25;WS10M;julio;4.39
I1265;La30.25Lo68.75;WS50M;julio;3.25
I1266;La30.25Lo68.75;WS10M;julio;2.55
I1267;La30.25Lo68.25;WS50M;julio;3.32
I1268;La30.25Lo68.25;WS10M;julio;2.38
I1269;La30.25Lo67.75;WS50M;julio;3.65
I1270;La30.25Lo67.75;WS10M;julio;2.62
I1271;La30.25Lo67.25;WS50M;julio;3.54
I1272;La30.25Lo67.25;WS10M;julio;2.57
I1273;La30.25Lo66.75;WS50M;julio;3.92
I1274;La30.25Lo66.75;WS10M;julio;2.76
I1275;La30.25Lo66.25;WS50M;julio;4.61
I1276;La30.25Lo66.25;WS10M;julio;3.1
I1277;La30.25Lo65.75;WS50M;julio;4.85
I1278;La30.25Lo65.75;WS10M;julio;3.18
I1279;La30.25Lo65.25;WS50M;julio;4.77
I1280;La30.25Lo65.25;WS10M;julio;3
I1281;La29.75Lo69.75;WS50M;julio;5.76
I1282;La29.75Lo69.75;WS10M;julio;4.68
I1283;La29.75Lo69.25;WS50M;julio;6.23
I1284;La29.75Lo69.25;WS10M;julio;4.87
I1285;La29.75Lo68.75;WS50M;julio;3.23
I1286;La29.75Lo68.75;WS10M;julio;2.6
I1287;La29.75Lo68.25;WS50M;julio;2.96
I1288;La29.75Lo68.25;WS10M;julio;2.22
I1289;La29.75Lo67.75;WS50M;julio;2.88
I1290;La29.75Lo67.75;WS10M;julio;2.2
I1291;La29.75Lo67.25;WS50M;julio;2.62
I1292;La29.75Lo67.25;WS10M;julio;2.06
I1293;La29.75Lo66.75;WS50M;julio;3.07
I1294;La29.75Lo66.75;WS10M;julio;2.25
I1295;La29.75Lo66.25;WS50M;julio;4.28
I1296;La29.75Lo66.25;WS10M;julio;2.81
I1297;La29.75Lo65.75;WS50M;julio;4.71
I1298;La29.75Lo65.75;WS10M;julio;3.04
I1299;La29.75Lo65.25;WS50M;julio;4.97
I1300;La29.75Lo65.25;WS10M;julio;3.19
I1301;La29.25Lo69.75;WS50M;julio;5.43
I1302;La29.25Lo69.75;WS10M;julio;4.45
I1303;La29.25Lo69.25;WS50M;julio;6.91
I1304;La29.25Lo69.25;WS10M;julio;5.43
I1305;La29.25Lo68.75;WS50M;julio;5.04
I1306;La29.25Lo68.75;WS10M;julio;3.87
I1307;La29.25Lo68.25;WS50M;julio;3.27
I1308;La29.25Lo68.25;WS10M;julio;2.45
I1309;La29.25Lo67.75;WS50M;julio;2.52
I1310;La29.25Lo67.75;WS10M;julio;1.96
I1311;La29.25Lo67.25;WS50M;julio;2.13
I1312;La29.25Lo67.25;WS10M;julio;1.76
I1313;La29.25Lo66.75;WS50M;julio;2.49
I1314;La29.25Lo66.75;WS10M;julio;1.99
I1315;La29.25Lo66.25;WS50M;julio;3.35
I1316;La29.25Lo66.25;WS10M;julio;2.35
I1317;La29.25Lo65.75;WS50M;julio;4.2
I1318;La29.25Lo65.75;WS10M;julio;2.73
I1319;La29.25Lo65.25;WS50M;julio;4.64
I1320;La29.25Lo65.25;WS10M;julio;2.81
I1321;La28.75Lo69.75;WS50M;julio;4.93
I1322;La28.75Lo69.75;WS10M;julio;4.12
I1323;La28.75Lo69.25;WS50M;julio;8.01
I1324;La28.75Lo69.25;WS10M;julio;6.32
I1325;La28.75Lo68.75;WS50M;julio;7.74
I1326;La28.75Lo68.75;WS10M;julio;5.89
I1327;La28.75Lo68.25;WS50M;julio;3.83
I1328;La28.75Lo68.25;WS10M;julio;2.9
I1329;La28.75Lo67.75;WS50M;julio;2.55
I1330;La28.75Lo67.75;WS10M;julio;1.97
I1331;La28.75Lo67.25;WS50M;julio;1.93
I1332;La28.75Lo67.25;WS10M;julio;1.57
I1333;La28.75Lo66.75;WS50M;julio;2.5
I1334;La28.75Lo66.75;WS10M;julio;1.96
I1335;La28.75Lo66.25;WS50M;julio;2.94
I1336;La28.75Lo66.25;WS10M;julio;2.21
I1337;La28.75Lo65.75;WS50M;julio;3.88
I1338;La28.75Lo65.75;WS10M;julio;2.65
I1339;La28.75Lo65.25;WS50M;julio;4.32
I1340;La28.75Lo65.25;WS10M;julio;2.65
I1341;La28.25Lo69.75;WS50M;julio;4.21
I1342;La28.25Lo69.75;WS10M;julio;3.64
I1343;La28.25Lo69.25;WS50M;julio;7.57
I1344;La28.25Lo69.25;WS10M;julio;6.1
I1345;La28.25Lo68.75;WS50M;julio;9.78
I1346;La28.25Lo68.75;WS10M;julio;7.72
I1347;La28.25Lo68.25;WS50M;julio;5.59
I1348;La28.25Lo68.25;WS10M;julio;4.26
I1349;La28.25Lo67.75;WS50M;julio;2.73
I1350;La28.25Lo67.75;WS10M;julio;2.15
I1351;La28.25Lo67.25;WS50M;julio;2.05
I1352;La28.25Lo67.25;WS10M;julio;1.7
I1353;La28.25Lo66.75;WS50M;julio;2.52
I1354;La28.25Lo66.75;WS10M;julio;1.9
I1355;La28.25Lo66.25;WS50M;julio;3.13
I1356;La28.25Lo66.25;WS10M;julio;2.35
I1357;La28.25Lo65.75;WS50M;julio;3.32
I1358;La28.25Lo65.75;WS10M;julio;2.43
I1359;La28.25Lo65.25;WS50M;julio;3.85
I1360;La28.25Lo65.25;WS10M;julio;2.53
I1361;La27.75Lo69.75;WS50M;julio;3.72
I1362;La27.75Lo69.75;WS10M;julio;3.24
I1363;La27.75Lo69.25;WS50M;julio;5.88
I1364;La27.75Lo69.25;WS10M;julio;4.86
I1365;La27.75Lo68.75;WS50M;julio;9.45
I1366;La27.75Lo68.75;WS10M;julio;7.64
I1367;La27.75Lo68.25;WS50M;julio;7.53
I1368;La27.75Lo68.25;WS10M;julio;5.82
I1369;La27.75Lo67.75;WS50M;julio;3.84
I1370;La27.75Lo67.75;WS10M;julio;2.98
I1371;La27.75Lo67.25;WS50M;julio;2.47
I1372;La27.75Lo67.25;WS10M;julio;2.1
I1373;La27.75Lo66.75;WS50M;julio;2.53
I1374;La27.75Lo66.75;WS10M;julio;2.1
I1375;La27.75Lo66.25;WS50M;julio;3.26
I1376;La27.75Lo66.25;WS10M;julio;2.48
I1377;La27.75Lo65.75;WS50M;julio;2.8
I1378;La27.75Lo65.75;WS10M;julio;2.14
I1379;La27.75Lo65.25;WS50M;julio;3.48
I1380;La27.75Lo65.25;WS10M;julio;2.38
I1381;La27.25Lo69.75;WS50M;julio;3.97
I1382;La27.25Lo69.75;WS10M;julio;3.34
I1383;La27.25Lo69.25;WS50M;julio;5.1
I1384;La27.25Lo69.25;WS10M;julio;4.27
I1385;La27.25Lo68.75;WS50M;julio;7.83
I1386;La27.25Lo68.75;WS10M;julio;6.45
I1387;La27.25Lo68.25;WS50M;julio;8.32
I1388;La27.25Lo68.25;WS10M;julio;6.64
I1389;La27.25Lo67.75;WS50M;julio;5.74
I1390;La27.25Lo67.75;WS10M;julio;4.36
I1391;La27.25Lo67.25;WS50M;julio;4.14
I1392;La27.25Lo67.25;WS10M;julio;3.07
I1393;La27.25Lo66.75;WS50M;julio;3.56
I1394;La27.25Lo66.75;WS10M;julio;2.78
I1395;La27.25Lo66.25;WS50M;julio;3.15
I1396;La27.25Lo66.25;WS10M;julio;2.55
I1397;La27.25Lo65.75;WS50M;julio;2.6
I1398;La27.25Lo65.75;WS10M;julio;2.12
I1399;La27.25Lo65.25;WS50M;julio;3.46
I1400;La27.25Lo65.25;WS10M;julio;2.43
I1401;La31.75Lo69.75;WS50M;agosto;4.72
I1402;La31.75Lo69.75;WS10M;agosto;3.77
I1403;La31.75Lo69.25;WS50M;agosto;3.65
I1404;La31.75Lo69.25;WS10M;agosto;2.75
I1405;La31.75Lo68.75;WS50M;agosto;4.45
I1406;La31.75Lo68.75;WS10M;agosto;3.3
I1407;La31.75Lo68.25;WS50M;agosto;5.15
I1408;La31.75Lo68.25;WS10M;agosto;3.66
I1409;La31.75Lo67.75;WS50M;agosto;5.79
I1410;La31.75Lo67.75;WS10M;agosto;3.99
I1411;La31.75Lo67.25;WS50M;agosto;6.1
I1412;La31.75Lo67.25;WS10M;agosto;4.15
I1413;La31.75Lo66.75;WS50M;agosto;6.28
I1414;La31.75Lo66.75;WS10M;agosto;4.23
I1415;La31.75Lo66.25;WS50M;agosto;6.25
I1416;La31.75Lo66.25;WS10M;agosto;4.18
I1417;La31.75Lo65.75;WS50M;agosto;5.73
I1418;La31.75Lo65.75;WS10M;agosto;3.77
I1419;La31.75Lo65.25;WS50M;agosto;5.26
I1420;La31.75Lo65.25;WS10M;agosto;3.49
I1421;La31.25Lo69.75;WS50M;agosto;5.13
I1422;La31.25Lo69.75;WS10M;agosto;4.07
I1423;La31.25Lo69.25;WS50M;agosto;3.86
I1424;La31.25Lo69.25;WS10M;agosto;2.89
I1425;La31.25Lo68.75;WS50M;agosto;4.46
I1426;La31.25Lo68.75;WS10M;agosto;3.27
I1427;La31.25Lo68.25;WS50M;agosto;4.97
I1428;La31.25Lo68.25;WS10M;agosto;3.59
I1429;La31.25Lo67.75;WS50M;agosto;5.33
I1430;La31.25Lo67.75;WS10M;agosto;3.78
I1431;La31.25Lo67.25;WS50M;agosto;5.83
I1432;La31.25Lo67.25;WS10M;agosto;4.08
I1433;La31.25Lo66.75;WS50M;agosto;6.28
I1434;La31.25Lo66.75;WS10M;agosto;4.35
I1435;La31.25Lo66.25;WS50M;agosto;6.42
I1436;La31.25Lo66.25;WS10M;agosto;4.4
I1437;La31.25Lo65.75;WS50M;agosto;5.6
I1438;La31.25Lo65.75;WS10M;agosto;3.49
I1439;La31.25Lo65.25;WS50M;agosto;5.54
I1440;La31.25Lo65.25;WS10M;agosto;3.5
I1441;La30.75Lo69.75;WS50M;agosto;5.43
I1442;La30.75Lo69.75;WS10M;agosto;4.29
I1443;La30.75Lo69.25;WS50M;agosto;3.99
I1444;La30.75Lo69.25;WS10M;agosto;3.01
I1445;La30.75Lo68.75;WS50M;agosto;4.02
I1446;La30.75Lo68.75;WS10M;agosto;3.02
I1447;La30.75Lo68.25;WS50M;agosto;4.73
I1448;La30.75Lo68.25;WS10M;agosto;3.33
I1449;La30.75Lo67.75;WS50M;agosto;4.94
I1450;La30.75Lo67.75;WS10M;agosto;3.5
I1451;La30.75Lo67.25;WS50M;agosto;5.2
I1452;La30.75Lo67.25;WS10M;agosto;3.7
I1453;La30.75Lo66.75;WS50M;agosto;5.68
I1454;La30.75Lo66.75;WS10M;agosto;3.96
I1455;La30.75Lo66.25;WS50M;agosto;5.93
I1456;La30.75Lo66.25;WS10M;agosto;4.1
I1457;La30.75Lo65.75;WS50M;agosto;5.48
I1458;La30.75Lo65.75;WS10M;agosto;3.43
I1459;La30.75Lo65.25;WS50M;agosto;5.42
I1460;La30.75Lo65.25;WS10M;agosto;3.26
I1461;La30.25Lo69.75;WS50M;agosto;5.2
I1462;La30.25Lo69.75;WS10M;agosto;4.2
I1463;La30.25Lo69.25;WS50M;agosto;4.14
I1464;La30.25Lo69.25;WS10M;agosto;3.21
I1465;La30.25Lo68.75;WS50M;agosto;3.43
I1466;La30.25Lo68.75;WS10M;agosto;2.78
I1467;La30.25Lo68.25;WS50M;agosto;3.98
I1468;La30.25Lo68.25;WS10M;agosto;2.85
I1469;La30.25Lo67.75;WS50M;agosto;4.39
I1470;La30.25Lo67.75;WS10M;agosto;3.18
I1471;La30.25Lo67.25;WS50M;agosto;4.53
I1472;La30.25Lo67.25;WS10M;agosto;3.28
I1473;La30.25Lo66.75;WS50M;agosto;5.02
I1474;La30.25Lo66.75;WS10M;agosto;3.49
I1475;La30.25Lo66.25;WS50M;agosto;5.69
I1476;La30.25Lo66.25;WS10M;agosto;3.83
I1477;La30.25Lo65.75;WS50M;agosto;5.82
I1478;La30.25Lo65.75;WS10M;agosto;3.87
I1479;La30.25Lo65.25;WS50M;agosto;5.81
I1480;La30.25Lo65.25;WS10M;agosto;3.74
I1481;La29.75Lo69.75;WS50M;agosto;4.89
I1482;La29.75Lo69.75;WS10M;agosto;4.07
I1483;La29.75Lo69.25;WS50M;agosto;4.65
I1484;La29.75Lo69.25;WS10M;agosto;3.67
I1485;La29.75Lo68.75;WS50M;agosto;2.95
I1486;La29.75Lo68.75;WS10M;agosto;2.57
I1487;La29.75Lo68.25;WS50M;agosto;3.39
I1488;La29.75Lo68.25;WS10M;agosto;2.56
I1489;La29.75Lo67.75;WS50M;agosto;3.52
I1490;La29.75Lo67.75;WS10M;agosto;2.74
I1491;La29.75Lo67.25;WS50M;agosto;3.48
I1492;La29.75Lo67.25;WS10M;agosto;2.74
I1493;La29.75Lo66.75;WS50M;agosto;3.98
I1494;La29.75Lo66.75;WS10M;agosto;2.91
I1495;La29.75Lo66.25;WS50M;agosto;5.32
I1496;La29.75Lo66.25;WS10M;agosto;3.54
I1497;La29.75Lo65.75;WS50M;agosto;5.59
I1498;La29.75Lo65.75;WS10M;agosto;3.68
I1499;La29.75Lo65.25;WS50M;agosto;5.88
I1500;La29.75Lo65.25;WS10M;agosto;3.86
I1501;La29.25Lo69.75;WS50M;agosto;4.75
I1502;La29.25Lo69.75;WS10M;agosto;4.04
I1503;La29.25Lo69.25;WS50M;agosto;5.54
I1504;La29.25Lo69.25;WS10M;agosto;4.41
I1505;La29.25Lo68.75;WS50M;agosto;3.57
I1506;La29.25Lo68.75;WS10M;agosto;2.95
I1507;La29.25Lo68.25;WS50M;agosto;3.28
I1508;La29.25Lo68.25;WS10M;agosto;2.54
I1509;La29.25Lo67.75;WS50M;agosto;2.83
I1510;La29.25Lo67.75;WS10M;agosto;2.31
I1511;La29.25Lo67.25;WS50M;agosto;2.73
I1512;La29.25Lo67.25;WS10M;agosto;2.32
I1513;La29.25Lo66.75;WS50M;agosto;3.24
I1514;La29.25Lo66.75;WS10M;agosto;2.58
I1515;La29.25Lo66.25;WS50M;agosto;4.15
I1516;La29.25Lo66.25;WS10M;agosto;2.93
I1517;La29.25Lo65.75;WS50M;agosto;4.95
I1518;La29.25Lo65.75;WS10M;agosto;3.27
I1519;La29.25Lo65.25;WS50M;agosto;5.31
I1520;La29.25Lo65.25;WS10M;agosto;3.29
I1521;La28.75Lo69.75;WS50M;agosto;4.5
I1522;La28.75Lo69.75;WS10M;agosto;3.91
I1523;La28.75Lo69.25;WS50M;agosto;6.81
I1524;La28.75Lo69.25;WS10M;agosto;5.45
I1525;La28.75Lo68.75;WS50M;agosto;5.7
I1526;La28.75Lo68.75;WS10M;agosto;4.33
I1527;La28.75Lo68.25;WS50M;agosto;3.28
I1528;La28.75Lo68.25;WS10M;agosto;2.65
I1529;La28.75Lo67.75;WS50M;agosto;2.55
I1530;La28.75Lo67.75;WS10M;agosto;2.12
I1531;La28.75Lo67.25;WS50M;agosto;2.42
I1532;La28.75Lo67.25;WS10M;agosto;2.04
I1533;La28.75Lo66.75;WS50M;agosto;3.2
I1534;La28.75Lo66.75;WS10M;agosto;2.55
I1535;La28.75Lo66.25;WS50M;agosto;3.56
I1536;La28.75Lo66.25;WS10M;agosto;2.7
I1537;La28.75Lo65.75;WS50M;agosto;4.62
I1538;La28.75Lo65.75;WS10M;agosto;3.21
I1539;La28.75Lo65.25;WS50M;agosto;4.98
I1540;La28.75Lo65.25;WS10M;agosto;3.11
I1541;La28.25Lo69.75;WS50M;agosto;3.93
I1542;La28.25Lo69.75;WS10M;agosto;3.56
I1543;La28.25Lo69.25;WS50M;agosto;6.69
I1544;La28.25Lo69.25;WS10M;agosto;5.51
I1545;La28.25Lo68.75;WS50M;agosto;8.12
I1546;La28.25Lo68.75;WS10M;agosto;6.42
I1547;La28.25Lo68.25;WS50M;agosto;3.93
I1548;La28.25Lo68.25;WS10M;agosto;3.11
I1549;La28.25Lo67.75;WS50M;agosto;2.38
I1550;La28.25Lo67.75;WS10M;agosto;2.07
I1551;La28.25Lo67.25;WS50M;agosto;2.4
I1552;La28.25Lo67.25;WS10M;agosto;2.05
I1553;La28.25Lo66.75;WS50M;agosto;3.01
I1554;La28.25Lo66.75;WS10M;agosto;2.32
I1555;La28.25Lo66.25;WS50M;agosto;3.75
I1556;La28.25Lo66.25;WS10M;agosto;2.86
I1557;La28.25Lo65.75;WS50M;agosto;3.96
I1558;La28.25Lo65.75;WS10M;agosto;2.95
I1559;La28.25Lo65.25;WS50M;agosto;4.6
I1560;La28.25Lo65.25;WS10M;agosto;3.06
I1561;La27.75Lo69.75;WS50M;agosto;3.55
I1562;La27.75Lo69.75;WS10M;agosto;3.23
I1563;La27.75Lo69.25;WS50M;agosto;5.25
I1564;La27.75Lo69.25;WS10M;agosto;4.5
I1565;La27.75Lo68.75;WS50M;agosto;8.32
I1566;La27.75Lo68.75;WS10M;agosto;6.83
I1567;La27.75Lo68.25;WS50M;agosto;5.75
I1568;La27.75Lo68.25;WS10M;agosto;4.46
I1569;La27.75Lo67.75;WS50M;agosto;2.83
I1570;La27.75Lo67.75;WS10M;agosto;2.41
I1571;La27.75Lo67.25;WS50M;agosto;2.67
I1572;La27.75Lo67.25;WS10M;agosto;2.41
I1573;La27.75Lo66.75;WS50M;agosto;2.86
I1574;La27.75Lo66.75;WS10M;agosto;2.43
I1575;La27.75Lo66.25;WS50M;agosto;3.99
I1576;La27.75Lo66.25;WS10M;agosto;3.09
I1577;La27.75Lo65.75;WS50M;agosto;3.36
I1578;La27.75Lo65.75;WS10M;agosto;2.62
I1579;La27.75Lo65.25;WS50M;agosto;4.29
I1580;La27.75Lo65.25;WS10M;agosto;2.96
I1581;La27.25Lo69.75;WS50M;agosto;3.75
I1582;La27.25Lo69.75;WS10M;agosto;3.28
I1583;La27.25Lo69.25;WS50M;agosto;4.55
I1584;La27.25Lo69.25;WS10M;agosto;3.96
I1585;La27.25Lo68.75;WS50M;agosto;6.82
I1586;La27.25Lo68.75;WS10M;agosto;5.74
I1587;La27.25Lo68.25;WS50M;agosto;6.68
I1588;La27.25Lo68.25;WS10M;agosto;5.36
I1589;La27.25Lo67.75;WS50M;agosto;4.35
I1590;La27.25Lo67.75;WS10M;agosto;3.39
I1591;La27.25Lo67.25;WS50M;agosto;3.44
I1592;La27.25Lo67.25;WS10M;agosto;2.8
I1593;La27.25Lo66.75;WS50M;agosto;3.27
I1594;La27.25Lo66.75;WS10M;agosto;2.79
I1595;La27.25Lo66.25;WS50M;agosto;3.6
I1596;La27.25Lo66.25;WS10M;agosto;3.03
I1597;La27.25Lo65.75;WS50M;agosto;3.1
I1598;La27.25Lo65.75;WS10M;agosto;2.59
I1599;La27.25Lo65.25;WS50M;agosto;4.13
I1600;La27.25Lo65.25;WS10M;agosto;2.95
I1601;La31.75Lo69.75;WS50M;septiembre;4.83
I1602;La31.75Lo69.75;WS10M;septiembre;3.98
I1603;La31.75Lo69.25;WS50M;septiembre;3.84
I1604;La31.75Lo69.25;WS10M;septiembre;3.04
I1605;La31.75Lo68.75;WS50M;septiembre;4.75
I1606;La31.75Lo68.75;WS10M;septiembre;3.7
I1607;La31.75Lo68.25;WS50M;septiembre;5.33
I1608;La31.75Lo68.25;WS10M;septiembre;3.93
I1609;La31.75Lo67.75;WS50M;septiembre;5.94
I1610;La31.75Lo67.75;WS10M;septiembre;4.26
I1611;La31.75Lo67.25;WS50M;septiembre;6.25
I1612;La31.75Lo67.25;WS10M;septiembre;4.46
I1613;La31.75Lo66.75;WS50M;septiembre;6.42
I1614;La31.75Lo66.75;WS10M;septiembre;4.55
I1615;La31.75Lo66.25;WS50M;septiembre;6.32
I1616;La31.75Lo66.25;WS10M;septiembre;4.44
I1617;La31.75Lo65.75;WS50M;septiembre;5.73
I1618;La31.75Lo65.75;WS10M;septiembre;3.92
I1619;La31.75Lo65.25;WS50M;septiembre;5.2
I1620;La31.75Lo65.25;WS10M;septiembre;3.59
I1621;La31.25Lo69.75;WS50M;septiembre;5.37
I1622;La31.25Lo69.75;WS10M;septiembre;4.36
I1623;La31.25Lo69.25;WS50M;septiembre;4.01
I1624;La31.25Lo69.25;WS10M;septiembre;3.16
I1625;La31.25Lo68.75;WS50M;septiembre;4.72
I1626;La31.25Lo68.75;WS10M;septiembre;3.65
I1627;La31.25Lo68.25;WS50M;septiembre;5.15
I1628;La31.25Lo68.25;WS10M;septiembre;3.92
I1629;La31.25Lo67.75;WS50M;septiembre;5.65
I1630;La31.25Lo67.75;WS10M;septiembre;4.21
I1631;La31.25Lo67.25;WS50M;septiembre;6.26
I1632;La31.25Lo67.25;WS10M;septiembre;4.6
I1633;La31.25Lo66.75;WS50M;septiembre;6.71
I1634;La31.25Lo66.75;WS10M;septiembre;4.86
I1635;La31.25Lo66.25;WS50M;septiembre;6.79
I1636;La31.25Lo66.25;WS10M;septiembre;4.84
I1637;La31.25Lo65.75;WS50M;septiembre;5.85
I1638;La31.25Lo65.75;WS10M;septiembre;3.77
I1639;La31.25Lo65.25;WS50M;septiembre;5.52
I1640;La31.25Lo65.25;WS10M;septiembre;3.63
I1641;La30.75Lo69.75;WS50M;septiembre;5.89
I1642;La30.75Lo69.75;WS10M;septiembre;4.77
I1643;La30.75Lo69.25;WS50M;septiembre;4.08
I1644;La30.75Lo69.25;WS10M;septiembre;3.21
I1645;La30.75Lo68.75;WS50M;septiembre;4.35
I1646;La30.75Lo68.75;WS10M;septiembre;3.45
I1647;La30.75Lo68.25;WS50M;septiembre;4.99
I1648;La30.75Lo68.25;WS10M;septiembre;3.76
I1649;La30.75Lo67.75;WS50M;septiembre;5.36
I1650;La30.75Lo67.75;WS10M;septiembre;4.03
I1651;La30.75Lo67.25;WS50M;septiembre;5.78
I1652;La30.75Lo67.25;WS10M;septiembre;4.33
I1653;La30.75Lo66.75;WS50M;septiembre;6.29
I1654;La30.75Lo66.75;WS10M;septiembre;4.61
I1655;La30.75Lo66.25;WS50M;septiembre;6.46
I1656;La30.75Lo66.25;WS10M;septiembre;4.67
I1657;La30.75Lo65.75;WS50M;septiembre;5.81
I1658;La30.75Lo65.75;WS10M;septiembre;3.77
I1659;La30.75Lo65.25;WS50M;septiembre;5.51
I1660;La30.75Lo65.25;WS10M;septiembre;3.45
I1661;La30.25Lo69.75;WS50M;septiembre;6.03
I1662;La30.25Lo69.75;WS10M;septiembre;4.94
I1663;La30.25Lo69.25;WS50M;septiembre;4.33
I1664;La30.25Lo69.25;WS10M;septiembre;3.41
I1665;La30.25Lo68.75;WS50M;septiembre;3.97
I1666;La30.25Lo68.75;WS10M;septiembre;3.36
I1667;La30.25Lo68.25;WS50M;septiembre;4.32
I1668;La30.25Lo68.25;WS10M;septiembre;3.3
I1669;La30.25Lo67.75;WS50M;septiembre;4.86
I1670;La30.25Lo67.75;WS10M;septiembre;3.71
I1671;La30.25Lo67.25;WS50M;septiembre;5.24
I1672;La30.25Lo67.25;WS10M;septiembre;3.98
I1673;La30.25Lo66.75;WS50M;septiembre;5.85
I1674;La30.25Lo66.75;WS10M;septiembre;4.28
I1675;La30.25Lo66.25;WS50M;septiembre;6.49
I1676;La30.25Lo66.25;WS10M;septiembre;4.63
I1677;La30.25Lo65.75;WS50M;septiembre;6.29
I1678;La30.25Lo65.75;WS10M;septiembre;4.38
I1679;La30.25Lo65.25;WS50M;septiembre;6
I1680;La30.25Lo65.25;WS10M;septiembre;3.99
I1681;La29.75Lo69.75;WS50M;septiembre;6.45
I1682;La29.75Lo69.75;WS10M;septiembre;5.35
I1683;La29.75Lo69.25;WS50M;septiembre;5.49
I1684;La29.75Lo69.25;WS10M;septiembre;4.31
I1685;La29.75Lo68.75;WS50M;septiembre;3.43
I1686;La29.75Lo68.75;WS10M;septiembre;3.01
I1687;La29.75Lo68.25;WS50M;septiembre;3.86
I1688;La29.75Lo68.25;WS10M;septiembre;3.06
I1689;La29.75Lo67.75;WS50M;septiembre;3.98
I1690;La29.75Lo67.75;WS10M;septiembre;3.23
I1691;La29.75Lo67.25;WS50M;septiembre;4.11
I1692;La29.75Lo67.25;WS10M;septiembre;3.33
I1693;La29.75Lo66.75;WS50M;septiembre;4.79
I1694;La29.75Lo66.75;WS10M;septiembre;3.62
I1695;La29.75Lo66.25;WS50M;septiembre;6.44
I1696;La29.75Lo66.25;WS10M;septiembre;4.54
I1697;La29.75Lo65.75;WS50M;septiembre;6.42
I1698;La29.75Lo65.75;WS10M;septiembre;4.41
I1699;La29.75Lo65.25;WS50M;septiembre;6.33
I1700;La29.75Lo65.25;WS10M;septiembre;4.26
I1701;La29.25Lo69.75;WS50M;septiembre;6.96
I1702;La29.25Lo69.75;WS10M;septiembre;5.88
I1703;La29.25Lo69.25;WS50M;septiembre;7
I1704;La29.25Lo69.25;WS10M;septiembre;5.58
I1705;La29.25Lo68.75;WS50M;septiembre;4.25
I1706;La29.25Lo68.75;WS10M;septiembre;3.44
I1707;La29.25Lo68.25;WS50M;septiembre;3.75
I1708;La29.25Lo68.25;WS10M;septiembre;2.98
I1709;La29.25Lo67.75;WS50M;septiembre;3.14
I1710;La29.25Lo67.75;WS10M;septiembre;2.59
I1711;La29.25Lo67.25;WS50M;septiembre;3.07
I1712;La29.25Lo67.25;WS10M;septiembre;2.64
I1713;La29.25Lo66.75;WS50M;septiembre;3.9
I1714;La29.25Lo66.75;WS10M;septiembre;3.16
I1715;La29.25Lo66.25;WS50M;septiembre;5.22
I1716;La29.25Lo66.25;WS10M;septiembre;3.8
I1717;La29.25Lo65.75;WS50M;septiembre;6.02
I1718;La29.25Lo65.75;WS10M;septiembre;4.12
I1719;La29.25Lo65.25;WS50M;septiembre;6.03
I1720;La29.25Lo65.25;WS10M;septiembre;3.85
I1721;La28.75Lo69.75;WS50M;septiembre;7.05
I1722;La28.75Lo69.75;WS10M;septiembre;6.06
I1723;La28.75Lo69.25;WS50M;septiembre;9.11
I1724;La28.75Lo69.25;WS10M;septiembre;7.43
I1725;La28.75Lo68.75;WS50M;septiembre;6.99
I1726;La28.75Lo68.75;WS10M;septiembre;5.37
I1727;La28.75Lo68.25;WS50M;septiembre;3.78
I1728;La28.75Lo68.25;WS10M;septiembre;3
I1729;La28.75Lo67.75;WS50M;septiembre;2.81
I1730;La28.75Lo67.75;WS10M;septiembre;2.35
I1731;La28.75Lo67.25;WS50M;septiembre;2.75
I1732;La28.75Lo67.25;WS10M;septiembre;2.37
I1733;La28.75Lo66.75;WS50M;septiembre;3.77
I1734;La28.75Lo66.75;WS10M;septiembre;3.03
I1735;La28.75Lo66.25;WS50M;septiembre;4.29
I1736;La28.75Lo66.25;WS10M;septiembre;3.28
I1737;La28.75Lo65.75;WS50M;septiembre;5.41
I1738;La28.75Lo65.75;WS10M;septiembre;3.87
I1739;La28.75Lo65.25;WS50M;septiembre;5.57
I1740;La28.75Lo65.25;WS10M;septiembre;3.59
I1741;La28.25Lo69.75;WS50M;septiembre;6.22
I1742;La28.25Lo69.75;WS10M;septiembre;5.45
I1743;La28.25Lo69.25;WS50M;septiembre;9.89
I1744;La28.25Lo69.25;WS10M;septiembre;8.25
I1745;La28.25Lo68.75;WS50M;septiembre;10.75
I1746;La28.25Lo68.75;WS10M;septiembre;8.7
I1747;La28.25Lo68.25;WS50M;septiembre;4.86
I1748;La28.25Lo68.25;WS10M;septiembre;3.77
I1749;La28.25Lo67.75;WS50M;septiembre;2.55
I1750;La28.25Lo67.75;WS10M;septiembre;2.26
I1751;La28.25Lo67.25;WS50M;septiembre;3.08
I1752;La28.25Lo67.25;WS10M;septiembre;2.65
I1753;La28.25Lo66.75;WS50M;septiembre;3.86
I1754;La28.25Lo66.75;WS10M;septiembre;2.99
I1755;La28.25Lo66.25;WS50M;septiembre;4.56
I1756;La28.25Lo66.25;WS10M;septiembre;3.52
I1757;La28.25Lo65.75;WS50M;septiembre;4.64
I1758;La28.25Lo65.75;WS10M;septiembre;3.53
I1759;La28.25Lo65.25;WS50M;septiembre;5.04
I1760;La28.25Lo65.25;WS10M;septiembre;3.45
I1761;La27.75Lo69.75;WS50M;septiembre;5.15
I1762;La27.75Lo69.75;WS10M;septiembre;4.57
I1763;La27.75Lo69.25;WS50M;septiembre;8.5
I1764;La27.75Lo69.25;WS10M;septiembre;7.2
I1765;La27.75Lo68.75;WS50M;septiembre;11.98
I1766;La27.75Lo68.75;WS10M;septiembre;10.03
I1767;La27.75Lo68.25;WS50M;septiembre;7.68
I1768;La27.75Lo68.25;WS10M;septiembre;5.97
I1769;La27.75Lo67.75;WS50M;septiembre;3.2
I1770;La27.75Lo67.75;WS10M;septiembre;2.59
I1771;La27.75Lo67.25;WS50M;septiembre;3.01
I1772;La27.75Lo67.25;WS10M;septiembre;2.76
I1773;La27.75Lo66.75;WS50M;septiembre;3.56
I1774;La27.75Lo66.75;WS10M;septiembre;3.05
I1775;La27.75Lo66.25;WS50M;septiembre;4.86
I1776;La27.75Lo66.25;WS10M;septiembre;3.88
I1777;La27.75Lo65.75;WS50M;septiembre;4.24
I1778;La27.75Lo65.75;WS10M;septiembre;3.32
I1779;La27.75Lo65.25;WS50M;septiembre;4.88
I1780;La27.75Lo65.25;WS10M;septiembre;3.45
I1781;La27.25Lo69.75;WS50M;septiembre;5.14
I1782;La27.25Lo69.75;WS10M;septiembre;4.44
I1783;La27.25Lo69.25;WS50M;septiembre;7.4
I1784;La27.25Lo69.25;WS10M;septiembre;6.29
I1785;La27.25Lo68.75;WS50M;septiembre;10.73
I1786;La27.25Lo68.75;WS10M;septiembre;9.1
I1787;La27.25Lo68.25;WS50M;septiembre;9.88
I1788;La27.25Lo68.25;WS10M;septiembre;8.04
I1789;La27.25Lo67.75;WS50M;septiembre;6.07
I1790;La27.25Lo67.75;WS10M;septiembre;4.72
I1791;La27.25Lo67.25;WS50M;septiembre;4.06
I1792;La27.25Lo67.25;WS10M;septiembre;3.22
I1793;La27.25Lo66.75;WS50M;septiembre;3.51
I1794;La27.25Lo66.75;WS10M;septiembre;2.97
I1795;La27.25Lo66.25;WS50M;septiembre;4
I1796;La27.25Lo66.25;WS10M;septiembre;3.43
I1797;La27.25Lo65.75;WS50M;septiembre;3.84
I1798;La27.25Lo65.75;WS10M;septiembre;3.21
I1799;La27.25Lo65.25;WS50M;septiembre;4.8
I1800;La27.25Lo65.25;WS10M;septiembre;3.55
I1801;La31.75Lo69.75;WS50M;octubre;4.98
I1802;La31.75Lo69.75;WS10M;octubre;4.12
I1803;La31.75Lo69.25;WS50M;octubre;3.72
I1804;La31.75Lo69.25;WS10M;octubre;3.01
I1805;La31.75Lo68.75;WS50M;octubre;4.97
I1806;La31.75Lo68.75;WS10M;octubre;4.03
I1807;La31.75Lo68.25;WS50M;octubre;5.63
I1808;La31.75Lo68.25;WS10M;octubre;4.34
I1809;La31.75Lo67.75;WS50M;octubre;5.93
I1810;La31.75Lo67.75;WS10M;octubre;4.47
I1811;La31.75Lo67.25;WS50M;octubre;5.9
I1812;La31.75Lo67.25;WS10M;octubre;4.38
I1813;La31.75Lo66.75;WS50M;octubre;5.86
I1814;La31.75Lo66.75;WS10M;octubre;4.29
I1815;La31.75Lo66.25;WS50M;octubre;6.03
I1816;La31.75Lo66.25;WS10M;octubre;4.42
I1817;La31.75Lo65.75;WS50M;octubre;5.28
I1818;La31.75Lo65.75;WS10M;octubre;3.76
I1819;La31.75Lo65.25;WS50M;octubre;5.09
I1820;La31.75Lo65.25;WS10M;octubre;3.69
I1821;La31.25Lo69.75;WS50M;octubre;5.3
I1822;La31.25Lo69.75;WS10M;octubre;4.32
I1823;La31.25Lo69.25;WS50M;octubre;3.83
I1824;La31.25Lo69.25;WS10M;octubre;3.11
I1825;La31.25Lo68.75;WS50M;octubre;4.75
I1826;La31.25Lo68.75;WS10M;octubre;3.89
I1827;La31.25Lo68.25;WS50M;octubre;5.51
I1828;La31.25Lo68.25;WS10M;octubre;4.29
I1829;La31.25Lo67.75;WS50M;octubre;5.57
I1830;La31.25Lo67.75;WS10M;octubre;4.28
I1831;La31.25Lo67.25;WS50M;octubre;5.7
I1832;La31.25Lo67.25;WS10M;octubre;4.33
I1833;La31.25Lo66.75;WS50M;octubre;6
I1834;La31.25Lo66.75;WS10M;octubre;4.46
I1835;La31.25Lo66.25;WS50M;octubre;6.24
I1836;La31.25Lo66.25;WS10M;octubre;4.58
I1837;La31.25Lo65.75;WS50M;octubre;5.13
I1838;La31.25Lo65.75;WS10M;octubre;3.38
I1839;La31.25Lo65.25;WS50M;octubre;5.03
I1840;La31.25Lo65.25;WS10M;octubre;3.44
I1841;La30.75Lo69.75;WS50M;octubre;5.49
I1842;La30.75Lo69.75;WS10M;octubre;4.47
I1843;La30.75Lo69.25;WS50M;octubre;3.8
I1844;La30.75Lo69.25;WS10M;octubre;3.08
I1845;La30.75Lo68.75;WS50M;octubre;4.4
I1846;La30.75Lo68.75;WS10M;octubre;3.67
I1847;La30.75Lo68.25;WS50M;octubre;5.36
I1848;La30.75Lo68.25;WS10M;octubre;4.08
I1849;La30.75Lo67.75;WS50M;octubre;5.35
I1850;La30.75Lo67.75;WS10M;octubre;4.08
I1851;La30.75Lo67.25;WS50M;octubre;5.5
I1852;La30.75Lo67.25;WS10M;octubre;4.18
I1853;La30.75Lo66.75;WS50M;octubre;5.96
I1854;La30.75Lo66.75;WS10M;octubre;4.43
I1855;La30.75Lo66.25;WS50M;octubre;6.07
I1856;La30.75Lo66.25;WS10M;octubre;4.48
I1857;La30.75Lo65.75;WS50M;octubre;5.27
I1858;La30.75Lo65.75;WS10M;octubre;3.5
I1859;La30.75Lo65.25;WS50M;octubre;5
I1860;La30.75Lo65.25;WS10M;octubre;3.22
I1861;La30.25Lo69.75;WS50M;octubre;5.45
I1862;La30.25Lo69.75;WS10M;octubre;4.51
I1863;La30.25Lo69.25;WS50M;octubre;3.88
I1864;La30.25Lo69.25;WS10M;octubre;3.12
I1865;La30.25Lo68.75;WS50M;octubre;4.11
I1866;La30.25Lo68.75;WS10M;octubre;3.59
I1867;La30.25Lo68.25;WS50M;octubre;4.85
I1868;La30.25Lo68.25;WS10M;octubre;3.72
I1869;La30.25Lo67.75;WS50M;octubre;5.13
I1870;La30.25Lo67.75;WS10M;octubre;3.95
I1871;La30.25Lo67.25;WS50M;octubre;5.4
I1872;La30.25Lo67.25;WS10M;octubre;4.15
I1873;La30.25Lo66.75;WS50M;octubre;5.9
I1874;La30.25Lo66.75;WS10M;octubre;4.37
I1875;La30.25Lo66.25;WS50M;octubre;6.15
I1876;La30.25Lo66.25;WS10M;octubre;4.48
I1877;La30.25Lo65.75;WS50M;octubre;5.99
I1878;La30.25Lo65.75;WS10M;octubre;4.32
I1879;La30.25Lo65.25;WS50M;octubre;5.66
I1880;La30.25Lo65.25;WS10M;octubre;3.91
I1881;La29.75Lo69.75;WS50M;octubre;5.75
I1882;La29.75Lo69.75;WS10M;octubre;4.86
I1883;La29.75Lo69.25;WS50M;octubre;4.7
I1884;La29.75Lo69.25;WS10M;octubre;3.76
I1885;La29.75Lo68.75;WS50M;octubre;3.45
I1886;La29.75Lo68.75;WS10M;octubre;3.19
I1887;La29.75Lo68.25;WS50M;octubre;4.14
I1888;La29.75Lo68.25;WS10M;octubre;3.31
I1889;La29.75Lo67.75;WS50M;octubre;4.27
I1890;La29.75Lo67.75;WS10M;octubre;3.49
I1891;La29.75Lo67.25;WS50M;octubre;4.5
I1892;La29.75Lo67.25;WS10M;octubre;3.67
I1893;La29.75Lo66.75;WS50M;octubre;5.16
I1894;La29.75Lo66.75;WS10M;octubre;3.95
I1895;La29.75Lo66.25;WS50M;octubre;6.22
I1896;La29.75Lo66.25;WS10M;octubre;4.5
I1897;La29.75Lo65.75;WS50M;octubre;6.18
I1898;La29.75Lo65.75;WS10M;octubre;4.43
I1899;La29.75Lo65.25;WS50M;octubre;6.03
I1900;La29.75Lo65.25;WS10M;octubre;4.27
I1901;La29.25Lo69.75;WS50M;octubre;6.08
I1902;La29.25Lo69.75;WS10M;octubre;5.27
I1903;La29.25Lo69.25;WS50M;octubre;5.96
I1904;La29.25Lo69.25;WS10M;octubre;4.83
I1905;La29.25Lo68.75;WS50M;octubre;3.82
I1906;La29.25Lo68.75;WS10M;octubre;3.25
I1907;La29.25Lo68.25;WS50M;octubre;3.72
I1908;La29.25Lo68.25;WS10M;octubre;3.07
I1909;La29.25Lo67.75;WS50M;octubre;3.25
I1910;La29.25Lo67.75;WS10M;octubre;2.78
I1911;La29.25Lo67.25;WS50M;octubre;3.31
I1912;La29.25Lo67.25;WS10M;octubre;2.9
I1913;La29.25Lo66.75;WS50M;octubre;4.36
I1914;La29.25Lo66.75;WS10M;octubre;3.55
I1915;La29.25Lo66.25;WS50M;octubre;5.43
I1916;La29.25Lo66.25;WS10M;octubre;4.04
I1917;La29.25Lo65.75;WS50M;octubre;5.7
I1918;La29.25Lo65.75;WS10M;octubre;4.09
I1919;La29.25Lo65.25;WS50M;octubre;5.59
I1920;La29.25Lo65.25;WS10M;octubre;3.73
I1921;La28.75Lo69.75;WS50M;octubre;5.97
I1922;La28.75Lo69.75;WS10M;octubre;5.3
I1923;La28.75Lo69.25;WS50M;octubre;7.6
I1924;La28.75Lo69.25;WS10M;octubre;6.22
I1925;La28.75Lo68.75;WS50M;octubre;5.94
I1926;La28.75Lo68.75;WS10M;octubre;4.66
I1927;La28.75Lo68.25;WS50M;octubre;3.53
I1928;La28.75Lo68.25;WS10M;octubre;2.97
I1929;La28.75Lo67.75;WS50M;octubre;3
I1930;La28.75Lo67.75;WS10M;octubre;2.61
I1931;La28.75Lo67.25;WS50M;octubre;3.01
I1932;La28.75Lo67.25;WS10M;octubre;2.64
I1933;La28.75Lo66.75;WS50M;octubre;4.13
I1934;La28.75Lo66.75;WS10M;octubre;3.37
I1935;La28.75Lo66.25;WS50M;octubre;4.46
I1936;La28.75Lo66.25;WS10M;octubre;3.53
I1937;La28.75Lo65.75;WS50M;octubre;5.02
I1938;La28.75Lo65.75;WS10M;octubre;3.74
I1939;La28.75Lo65.25;WS50M;octubre;5.09
I1940;La28.75Lo65.25;WS10M;octubre;3.4
I1941;La28.25Lo69.75;WS50M;octubre;5.27
I1942;La28.25Lo69.75;WS10M;octubre;4.83
I1943;La28.25Lo69.25;WS50M;octubre;8.04
I1944;La28.25Lo69.25;WS10M;octubre;6.78
I1945;La28.25Lo68.75;WS50M;octubre;8.82
I1946;La28.25Lo68.75;WS10M;octubre;7.11
I1947;La28.25Lo68.25;WS50M;octubre;4.05
I1948;La28.25Lo68.25;WS10M;octubre;3.31
I1949;La28.25Lo67.75;WS50M;octubre;2.83
I1950;La28.25Lo67.75;WS10M;octubre;2.63
I1951;La28.25Lo67.25;WS50M;octubre;3.57
I1952;La28.25Lo67.25;WS10M;octubre;3.09
I1953;La28.25Lo66.75;WS50M;octubre;4.25
I1954;La28.25Lo66.75;WS10M;octubre;3.36
I1955;La28.25Lo66.25;WS50M;octubre;4.52
I1956;La28.25Lo66.25;WS10M;octubre;3.65
I1957;La28.25Lo65.75;WS50M;octubre;4.4
I1958;La28.25Lo65.75;WS10M;octubre;3.46
I1959;La28.25Lo65.25;WS50M;octubre;4.8
I1960;La28.25Lo65.25;WS10M;octubre;3.41
I1961;La27.75Lo69.75;WS50M;octubre;4.4
I1962;La27.75Lo69.75;WS10M;octubre;4.13
I1963;La27.75Lo69.25;WS50M;octubre;6.88
I1964;La27.75Lo69.25;WS10M;octubre;6.02
I1965;La27.75Lo68.75;WS50M;octubre;9.62
I1966;La27.75Lo68.75;WS10M;octubre;8.04
I1967;La27.75Lo68.25;WS50M;octubre;5.61
I1968;La27.75Lo68.25;WS10M;octubre;4.43
I1969;La27.75Lo67.75;WS50M;octubre;2.85
I1970;La27.75Lo67.75;WS10M;octubre;2.54
I1971;La27.75Lo67.25;WS50M;octubre;3.55
I1972;La27.75Lo67.25;WS10M;octubre;3.32
I1973;La27.75Lo66.75;WS50M;octubre;4.04
I1974;La27.75Lo66.75;WS10M;octubre;3.53
I1975;La27.75Lo66.25;WS50M;octubre;4.95
I1976;La27.75Lo66.25;WS10M;octubre;4.11
I1977;La27.75Lo65.75;WS50M;octubre;4.34
I1978;La27.75Lo65.75;WS10M;octubre;3.51
I1979;La27.75Lo65.25;WS50M;octubre;4.95
I1980;La27.75Lo65.25;WS10M;octubre;3.67
I1981;La27.25Lo69.75;WS50M;octubre;4.38
I1982;La27.25Lo69.75;WS10M;octubre;4.03
I1983;La27.25Lo69.25;WS50M;octubre;6.01
I1984;La27.25Lo69.25;WS10M;octubre;5.35
I1985;La27.25Lo68.75;WS50M;octubre;8.45
I1986;La27.25Lo68.75;WS10M;octubre;7.29
I1987;La27.25Lo68.25;WS50M;octubre;7.21
I1988;La27.25Lo68.25;WS10M;octubre;5.85
I1989;La27.25Lo67.75;WS50M;octubre;4.41
I1990;La27.25Lo67.75;WS10M;octubre;3.5
I1991;La27.25Lo67.25;WS50M;octubre;3.46
I1992;La27.25Lo67.25;WS10M;octubre;3.01
I1993;La27.25Lo66.75;WS50M;octubre;3.42
I1994;La27.25Lo66.75;WS10M;octubre;3.19
I1995;La27.25Lo66.25;WS50M;octubre;4.57
I1996;La27.25Lo66.25;WS10M;octubre;4.07
I1997;La27.25Lo65.75;WS50M;octubre;4.05
I1998;La27.25Lo65.75;WS10M;octubre;3.49
I1999;La27.25Lo65.25;WS50M;octubre;4.82
I2000;La27.25Lo65.25;WS10M;octubre;3.7
I2001;La31.75Lo69.75;WS50M;noviembre;3.45
I2002;La31.75Lo69.75;WS10M;noviembre;2.91
I2003;La31.75Lo69.25;WS50M;noviembre;3.7
I2004;La31.75Lo69.25;WS10M;noviembre;3.27
I2005;La31.75Lo68.75;WS50M;noviembre;4.8
I2006;La31.75Lo68.75;WS10M;noviembre;4.03
I2007;La31.75Lo68.25;WS50M;noviembre;5.71
I2008;La31.75Lo68.25;WS10M;noviembre;4.49
I2009;La31.75Lo67.75;WS50M;noviembre;6.11
I2010;La31.75Lo67.75;WS10M;noviembre;4.75
I2011;La31.75Lo67.25;WS50M;noviembre;6.34
I2012;La31.75Lo67.25;WS10M;noviembre;4.87
I2013;La31.75Lo66.75;WS50M;noviembre;6.61
I2014;La31.75Lo66.75;WS10M;noviembre;4.99
I2015;La31.75Lo66.25;WS50M;noviembre;6.64
I2016;La31.75Lo66.25;WS10M;noviembre;4.97
I2017;La31.75Lo65.75;WS50M;noviembre;5.98
I2018;La31.75Lo65.75;WS10M;noviembre;4.25
I2019;La31.75Lo65.25;WS50M;noviembre;5.56
I2020;La31.75Lo65.25;WS10M;noviembre;3.92
I2021;La31.25Lo69.75;WS50M;noviembre;3.72
I2022;La31.25Lo69.75;WS10M;noviembre;3.11
I2023;La31.25Lo69.25;WS50M;noviembre;3.95
I2024;La31.25Lo69.25;WS10M;noviembre;3.48
I2025;La31.25Lo68.75;WS50M;noviembre;4.6
I2026;La31.25Lo68.75;WS10M;noviembre;3.85
I2027;La31.25Lo68.25;WS50M;noviembre;5.65
I2028;La31.25Lo68.25;WS10M;noviembre;4.51
I2029;La31.25Lo67.75;WS50M;noviembre;5.95
I2030;La31.25Lo67.75;WS10M;noviembre;4.71
I2031;La31.25Lo67.25;WS50M;noviembre;6.23
I2032;La31.25Lo67.25;WS10M;noviembre;4.88
I2033;La31.25Lo66.75;WS50M;noviembre;6.62
I2034;La31.25Lo66.75;WS10M;noviembre;5.08
I2035;La31.25Lo66.25;WS50M;noviembre;6.72
I2036;La31.25Lo66.25;WS10M;noviembre;5.07
I2037;La31.25Lo65.75;WS50M;noviembre;5.87
I2038;La31.25Lo65.75;WS10M;noviembre;3.9
I2039;La31.25Lo65.25;WS50M;noviembre;5.78
I2040;La31.25Lo65.25;WS10M;noviembre;3.89
I2041;La30.75Lo69.75;WS50M;noviembre;3.7
I2042;La30.75Lo69.75;WS10M;noviembre;3.11
I2043;La30.75Lo69.25;WS50M;noviembre;3.74
I2044;La30.75Lo69.25;WS10M;noviembre;3.33
I2045;La30.75Lo68.75;WS50M;noviembre;4.45
I2046;La30.75Lo68.75;WS10M;noviembre;3.76
I2047;La30.75Lo68.25;WS50M;noviembre;5.64
I2048;La30.75Lo68.25;WS10M;noviembre;4.47
I2049;La30.75Lo67.75;WS50M;noviembre;5.87
I2050;La30.75Lo67.75;WS10M;noviembre;4.64
I2051;La30.75Lo67.25;WS50M;noviembre;6.08
I2052;La30.75Lo67.25;WS10M;noviembre;4.76
I2053;La30.75Lo66.75;WS50M;noviembre;6.53
I2054;La30.75Lo66.75;WS10M;noviembre;5
I2055;La30.75Lo66.25;WS50M;noviembre;6.65
I2056;La30.75Lo66.25;WS10M;noviembre;5.05
I2057;La30.75Lo65.75;WS50M;noviembre;6.02
I2058;La30.75Lo65.75;WS10M;noviembre;4.07
I2059;La30.75Lo65.25;WS50M;noviembre;5.77
I2060;La30.75Lo65.25;WS10M;noviembre;3.7
I2061;La30.25Lo69.75;WS50M;noviembre;3.43
I2062;La30.25Lo69.75;WS10M;noviembre;2.97
I2063;La30.25Lo69.25;WS50M;noviembre;3.36
I2064;La30.25Lo69.25;WS10M;noviembre;3.07
I2065;La30.25Lo68.75;WS50M;noviembre;4.26
I2066;La30.25Lo68.75;WS10M;noviembre;3.73
I2067;La30.25Lo68.25;WS50M;noviembre;5.1
I2068;La30.25Lo68.25;WS10M;noviembre;4.07
I2069;La30.25Lo67.75;WS50M;noviembre;5.49
I2070;La30.25Lo67.75;WS10M;noviembre;4.35
I2071;La30.25Lo67.25;WS50M;noviembre;5.8
I2072;La30.25Lo67.25;WS10M;noviembre;4.57
I2073;La30.25Lo66.75;WS50M;noviembre;6.34
I2074;La30.25Lo66.75;WS10M;noviembre;4.85
I2075;La30.25Lo66.25;WS50M;noviembre;6.84
I2076;La30.25Lo66.25;WS10M;noviembre;5.21
I2077;La30.25Lo65.75;WS50M;noviembre;6.78
I2078;La30.25Lo65.75;WS10M;noviembre;5.06
I2079;La30.25Lo65.25;WS50M;noviembre;6.47
I2080;La30.25Lo65.25;WS10M;noviembre;4.57
I2081;La29.75Lo69.75;WS50M;noviembre;3.47
I2082;La29.75Lo69.75;WS10M;noviembre;3.09
I2083;La29.75Lo69.25;WS50M;noviembre;3.2
I2084;La29.75Lo69.25;WS10M;noviembre;2.88
I2085;La29.75Lo68.75;WS50M;noviembre;3.62
I2086;La29.75Lo68.75;WS10M;noviembre;3.37
I2087;La29.75Lo68.25;WS50M;noviembre;4.45
I2088;La29.75Lo68.25;WS10M;noviembre;3.64
I2089;La29.75Lo67.75;WS50M;noviembre;4.59
I2090;La29.75Lo67.75;WS10M;noviembre;3.79
I2091;La29.75Lo67.25;WS50M;noviembre;4.78
I2092;La29.75Lo67.25;WS10M;noviembre;3.95
I2093;La29.75Lo66.75;WS50M;noviembre;5.49
I2094;La29.75Lo66.75;WS10M;noviembre;4.31
I2095;La29.75Lo66.25;WS50M;noviembre;6.94
I2096;La29.75Lo66.25;WS10M;noviembre;5.29
I2097;La29.75Lo65.75;WS50M;noviembre;6.86
I2098;La29.75Lo65.75;WS10M;noviembre;5.1
I2099;La29.75Lo65.25;WS50M;noviembre;6.8
I2100;La29.75Lo65.25;WS10M;noviembre;4.94
I2101;La29.25Lo69.75;WS50M;noviembre;3.67
I2102;La29.25Lo69.75;WS10M;noviembre;3.4
I2103;La29.25Lo69.25;WS50M;noviembre;3.64
I2104;La29.25Lo69.25;WS10M;noviembre;3.12
I2105;La29.25Lo68.75;WS50M;noviembre;3.75
I2106;La29.25Lo68.75;WS10M;noviembre;3.46
I2107;La29.25Lo68.25;WS50M;noviembre;3.85
I2108;La29.25Lo68.25;WS10M;noviembre;3.24
I2109;La29.25Lo67.75;WS50M;noviembre;3.66
I2110;La29.25Lo67.75;WS10M;noviembre;3.17
I2111;La29.25Lo67.25;WS50M;noviembre;3.79
I2112;La29.25Lo67.25;WS10M;noviembre;3.32
I2113;La29.25Lo66.75;WS50M;noviembre;4.55
I2114;La29.25Lo66.75;WS10M;noviembre;3.73
I2115;La29.25Lo66.25;WS50M;noviembre;5.97
I2116;La29.25Lo66.25;WS10M;noviembre;4.57
I2117;La29.25Lo65.75;WS50M;noviembre;6.2
I2118;La29.25Lo65.75;WS10M;noviembre;4.55
I2119;La29.25Lo65.25;WS50M;noviembre;6.15
I2120;La29.25Lo65.25;WS10M;noviembre;4.16
I2121;La28.75Lo69.75;WS50M;noviembre;3.78
I2122;La28.75Lo69.75;WS10M;noviembre;3.66
I2123;La28.75Lo69.25;WS50M;noviembre;4.44
I2124;La28.75Lo69.25;WS10M;noviembre;3.75
I2125;La28.75Lo68.75;WS50M;noviembre;4.27
I2126;La28.75Lo68.75;WS10M;noviembre;3.8
I2127;La28.75Lo68.25;WS50M;noviembre;3.43
I2128;La28.75Lo68.25;WS10M;noviembre;3
I2129;La28.75Lo67.75;WS50M;noviembre;3.22
I2130;La28.75Lo67.75;WS10M;noviembre;2.9
I2131;La28.75Lo67.25;WS50M;noviembre;3.42
I2132;La28.75Lo67.25;WS10M;noviembre;3.02
I2133;La28.75Lo66.75;WS50M;noviembre;4.25
I2134;La28.75Lo66.75;WS10M;noviembre;3.49
I2135;La28.75Lo66.25;WS50M;noviembre;4.98
I2136;La28.75Lo66.25;WS10M;noviembre;3.92
I2137;La28.75Lo65.75;WS50M;noviembre;5.52
I2138;La28.75Lo65.75;WS10M;noviembre;4.08
I2139;La28.75Lo65.25;WS50M;noviembre;5.51
I2140;La28.75Lo65.25;WS10M;noviembre;3.63
I2141;La28.25Lo69.75;WS50M;noviembre;3.64
I2142;La28.25Lo69.75;WS10M;noviembre;3.69
I2143;La28.25Lo69.25;WS50M;noviembre;4.79
I2144;La28.25Lo69.25;WS10M;noviembre;4.2
I2145;La28.25Lo68.75;WS50M;noviembre;4.9
I2146;La28.25Lo68.75;WS10M;noviembre;4.11
I2147;La28.25Lo68.25;WS50M;noviembre;3.11
I2148;La28.25Lo68.25;WS10M;noviembre;2.87
I2149;La28.25Lo67.75;WS50M;noviembre;3.18
I2150;La28.25Lo67.75;WS10M;noviembre;3.04
I2151;La28.25Lo67.25;WS50M;noviembre;3.58
I2152;La28.25Lo67.25;WS10M;noviembre;3.15
I2153;La28.25Lo66.75;WS50M;noviembre;4.21
I2154;La28.25Lo66.75;WS10M;noviembre;3.4
I2155;La28.25Lo66.25;WS50M;noviembre;4.98
I2156;La28.25Lo66.25;WS10M;noviembre;4.05
I2157;La28.25Lo65.75;WS50M;noviembre;4.98
I2158;La28.25Lo65.75;WS10M;noviembre;3.83
I2159;La28.25Lo65.25;WS50M;noviembre;5.24
I2160;La28.25Lo65.25;WS10M;noviembre;3.66
I2161;La27.75Lo69.75;WS50M;noviembre;3.3
I2162;La27.75Lo69.75;WS10M;noviembre;3.47
I2163;La27.75Lo69.25;WS50M;noviembre;4.29
I2164;La27.75Lo69.25;WS10M;noviembre;4.05
I2165;La27.75Lo68.75;WS50M;noviembre;5.57
I2166;La27.75Lo68.75;WS10M;noviembre;4.71
I2167;La27.75Lo68.25;WS50M;noviembre;3.17
I2168;La27.75Lo68.25;WS10M;noviembre;2.87
I2169;La27.75Lo67.75;WS50M;noviembre;3.14
I2170;La27.75Lo67.75;WS10M;noviembre;3.13
I2171;La27.75Lo67.25;WS50M;noviembre;3.65
I2172;La27.75Lo67.25;WS10M;noviembre;3.39
I2173;La27.75Lo66.75;WS50M;noviembre;3.87
I2174;La27.75Lo66.75;WS10M;noviembre;3.37
I2175;La27.75Lo66.25;WS50M;noviembre;5.15
I2176;La27.75Lo66.25;WS10M;noviembre;4.29
I2177;La27.75Lo65.75;WS50M;noviembre;4.7
I2178;La27.75Lo65.75;WS10M;noviembre;3.72
I2179;La27.75Lo65.25;WS50M;noviembre;5.23
I2180;La27.75Lo65.25;WS10M;noviembre;3.82
I2181;La27.25Lo69.75;WS50M;noviembre;3.39
I2182;La27.25Lo69.75;WS10M;noviembre;3.49
I2183;La27.25Lo69.25;WS50M;noviembre;3.98
I2184;La27.25Lo69.25;WS10M;noviembre;3.91
I2185;La27.25Lo68.75;WS50M;noviembre;5.09
I2186;La27.25Lo68.75;WS10M;noviembre;4.55
I2187;La27.25Lo68.25;WS50M;noviembre;3.49
I2188;La27.25Lo68.25;WS10M;noviembre;3.06
I2189;La27.25Lo67.75;WS50M;noviembre;3.29
I2190;La27.25Lo67.75;WS10M;noviembre;3.11
I2191;La27.25Lo67.25;WS50M;noviembre;3.53
I2192;La27.25Lo67.25;WS10M;noviembre;3.39
I2193;La27.25Lo66.75;WS50M;noviembre;3.45
I2194;La27.25Lo66.75;WS10M;noviembre;3.3
I2195;La27.25Lo66.25;WS50M;noviembre;4.44
I2196;La27.25Lo66.25;WS10M;noviembre;3.95
I2197;La27.25Lo65.75;WS50M;noviembre;4.18
I2198;La27.25Lo65.75;WS10M;noviembre;3.49
I2199;La27.25Lo65.25;WS50M;noviembre;5.02
I2200;La27.25Lo65.25;WS10M;noviembre;3.79
I2201;La31.75Lo69.75;WS50M;diciembre;2.55
I2202;La31.75Lo69.75;WS10M;diciembre;2.22
I2203;La31.75Lo69.25;WS50M;diciembre;3.12
I2204;La31.75Lo69.25;WS10M;diciembre;2.9
I2205;La31.75Lo68.75;WS50M;diciembre;4.92
I2206;La31.75Lo68.75;WS10M;diciembre;4.11
I2207;La31.75Lo68.25;WS50M;diciembre;5.72
I2208;La31.75Lo68.25;WS10M;diciembre;4.48
I2209;La31.75Lo67.75;WS50M;diciembre;6.11
I2210;La31.75Lo67.75;WS10M;diciembre;4.71
I2211;La31.75Lo67.25;WS50M;diciembre;6.28
I2212;La31.75Lo67.25;WS10M;diciembre;4.75
I2213;La31.75Lo66.75;WS50M;diciembre;6.36
I2214;La31.75Lo66.75;WS10M;diciembre;4.69
I2215;La31.75Lo66.25;WS50M;diciembre;6.16
I2216;La31.75Lo66.25;WS10M;diciembre;4.51
I2217;La31.75Lo65.75;WS50M;diciembre;5.45
I2218;La31.75Lo65.75;WS10M;diciembre;3.74
I2219;La31.75Lo65.25;WS50M;diciembre;4.86
I2220;La31.75Lo65.25;WS10M;diciembre;3.28
I2221;La31.25Lo69.75;WS50M;diciembre;2.62
I2222;La31.25Lo69.75;WS10M;diciembre;2.27
I2223;La31.25Lo69.25;WS50M;diciembre;3.32
I2224;La31.25Lo69.25;WS10M;diciembre;3.11
I2225;La31.25Lo68.75;WS50M;diciembre;4.59
I2226;La31.25Lo68.75;WS10M;diciembre;3.91
I2227;La31.25Lo68.25;WS50M;diciembre;5.48
I2228;La31.25Lo68.25;WS10M;diciembre;4.38
I2229;La31.25Lo67.75;WS50M;diciembre;5.76
I2230;La31.25Lo67.75;WS10M;diciembre;4.53
I2231;La31.25Lo67.25;WS50M;diciembre;6.01
I2232;La31.25Lo67.25;WS10M;diciembre;4.63
I2233;La31.25Lo66.75;WS50M;diciembre;6.31
I2234;La31.25Lo66.75;WS10M;diciembre;4.71
I2235;La31.25Lo66.25;WS50M;diciembre;6.22
I2236;La31.25Lo66.25;WS10M;diciembre;4.56
I2237;La31.25Lo65.75;WS50M;diciembre;5.32
I2238;La31.25Lo65.75;WS10M;diciembre;3.38
I2239;La31.25Lo65.25;WS50M;diciembre;5.03
I2240;La31.25Lo65.25;WS10M;diciembre;3.2
I2241;La30.75Lo69.75;WS50M;diciembre;2.58
I2242;La30.75Lo69.75;WS10M;diciembre;2.25
I2243;La30.75Lo69.25;WS50M;diciembre;3.13
I2244;La30.75Lo69.25;WS10M;diciembre;2.99
I2245;La30.75Lo68.75;WS50M;diciembre;4.56
I2246;La30.75Lo68.75;WS10M;diciembre;3.93
I2247;La30.75Lo68.25;WS50M;diciembre;5.45
I2248;La30.75Lo68.25;WS10M;diciembre;4.34
I2249;La30.75Lo67.75;WS50M;diciembre;5.66
I2250;La30.75Lo67.75;WS10M;diciembre;4.45
I2251;La30.75Lo67.25;WS50M;diciembre;5.81
I2252;La30.75Lo67.25;WS10M;diciembre;4.48
I2253;La30.75Lo66.75;WS50M;diciembre;6.08
I2254;La30.75Lo66.75;WS10M;diciembre;4.53
I2255;La30.75Lo66.25;WS50M;diciembre;6.12
I2256;La30.75Lo66.25;WS10M;diciembre;4.5
I2257;La30.75Lo65.75;WS50M;diciembre;5.48
I2258;La30.75Lo65.75;WS10M;diciembre;3.56
I2259;La30.75Lo65.25;WS50M;diciembre;5.1
I2260;La30.75Lo65.25;WS10M;diciembre;3.1
I2261;La30.25Lo69.75;WS50M;diciembre;2.3
I2262;La30.25Lo69.75;WS10M;diciembre;2.08
I2263;La30.25Lo69.25;WS50M;diciembre;2.68
I2264;La30.25Lo69.25;WS10M;diciembre;2.69
I2265;La30.25Lo68.75;WS50M;diciembre;4.49
I2266;La30.25Lo68.75;WS10M;diciembre;3.97
I2267;La30.25Lo68.25;WS50M;diciembre;4.99
I2268;La30.25Lo68.25;WS10M;diciembre;4.01
I2269;La30.25Lo67.75;WS50M;diciembre;5.34
I2270;La30.25Lo67.75;WS10M;diciembre;4.22
I2271;La30.25Lo67.25;WS50M;diciembre;5.53
I2272;La30.25Lo67.25;WS10M;diciembre;4.29
I2273;La30.25Lo66.75;WS50M;diciembre;5.85
I2274;La30.25Lo66.75;WS10M;diciembre;4.36
I2275;La30.25Lo66.25;WS50M;diciembre;6.28
I2276;La30.25Lo66.25;WS10M;diciembre;4.62
I2277;La30.25Lo65.75;WS50M;diciembre;6.25
I2278;La30.25Lo65.75;WS10M;diciembre;4.52
I2279;La30.25Lo65.25;WS50M;diciembre;5.83
I2280;La30.25Lo65.25;WS10M;diciembre;4
I2281;La29.75Lo69.75;WS50M;diciembre;2.42
I2282;La29.75Lo69.75;WS10M;diciembre;2.26
I2283;La29.75Lo69.25;WS50M;diciembre;2.28
I2284;La29.75Lo69.25;WS10M;diciembre;2.25
I2285;La29.75Lo68.75;WS50M;diciembre;3.91
I2286;La29.75Lo68.75;WS10M;diciembre;3.69
I2287;La29.75Lo68.25;WS50M;diciembre;4.48
I2288;La29.75Lo68.25;WS10M;diciembre;3.72
I2289;La29.75Lo67.75;WS50M;diciembre;4.55
I2290;La29.75Lo67.75;WS10M;diciembre;3.77
I2291;La29.75Lo67.25;WS50M;diciembre;4.63
I2292;La29.75Lo67.25;WS10M;diciembre;3.8
I2293;La29.75Lo66.75;WS50M;diciembre;5.03
I2294;La29.75Lo66.75;WS10M;diciembre;3.91
I2295;La29.75Lo66.25;WS50M;diciembre;6.3
I2296;La29.75Lo66.25;WS10M;diciembre;4.67
I2297;La29.75Lo65.75;WS50M;diciembre;6.39
I2298;La29.75Lo65.75;WS10M;diciembre;4.64
I2299;La29.75Lo65.25;WS50M;diciembre;6.27
I2300;La29.75Lo65.25;WS10M;diciembre;4.45
I2301;La29.25Lo69.75;WS50M;diciembre;2.76
I2302;La29.25Lo69.75;WS10M;diciembre;2.69
I2303;La29.25Lo69.25;WS50M;diciembre;2.43
I2304;La29.25Lo69.25;WS10M;diciembre;2.18
I2305;La29.25Lo68.75;WS50M;diciembre;3.59
I2306;La29.25Lo68.75;WS10M;diciembre;3.53
I2307;La29.25Lo68.25;WS50M;diciembre;3.94
I2308;La29.25Lo68.25;WS10M;diciembre;3.39
I2309;La29.25Lo67.75;WS50M;diciembre;3.64
I2310;La29.25Lo67.75;WS10M;diciembre;3.2
I2311;La29.25Lo67.25;WS50M;diciembre;3.72
I2312;La29.25Lo67.25;WS10M;diciembre;3.28
I2313;La29.25Lo66.75;WS50M;diciembre;4.33
I2314;La29.25Lo66.75;WS10M;diciembre;3.55
I2315;La29.25Lo66.25;WS50M;diciembre;5.54
I2316;La29.25Lo66.25;WS10M;diciembre;4.2
I2317;La29.25Lo65.75;WS50M;diciembre;5.96
I2318;La29.25Lo65.75;WS10M;diciembre;4.27
I2319;La29.25Lo65.25;WS50M;diciembre;5.81
I2320;La29.25Lo65.25;WS10M;diciembre;3.83
I2321;La28.75Lo69.75;WS50M;diciembre;3.09
I2322;La28.75Lo69.75;WS10M;diciembre;3.16
I2323;La28.75Lo69.25;WS50M;diciembre;3.16
I2324;La28.75Lo69.25;WS10M;diciembre;2.7
I2325;La28.75Lo68.75;WS50M;diciembre;3.44
I2326;La28.75Lo68.75;WS10M;diciembre;3.3
I2327;La28.75Lo68.25;WS50M;diciembre;3.44
I2328;La28.75Lo68.25;WS10M;diciembre;3.13
I2329;La28.75Lo67.75;WS50M;diciembre;3.17
I2330;La28.75Lo67.75;WS10M;diciembre;2.91
I2331;La28.75Lo67.25;WS50M;diciembre;3.36
I2332;La28.75Lo67.25;WS10M;diciembre;3.01
I2333;La28.75Lo66.75;WS50M;diciembre;4.13
I2334;La28.75Lo66.75;WS10M;diciembre;3.4
I2335;La28.75Lo66.25;WS50M;diciembre;4.73
I2336;La28.75Lo66.25;WS10M;diciembre;3.71
I2337;La28.75Lo65.75;WS50M;diciembre;5.36
I2338;La28.75Lo65.75;WS10M;diciembre;3.91
I2339;La28.75Lo65.25;WS50M;diciembre;5.33
I2340;La28.75Lo65.25;WS10M;diciembre;3.44
I2341;La28.25Lo69.75;WS50M;diciembre;3.29
I2342;La28.25Lo69.75;WS10M;diciembre;3.5
I2343;La28.25Lo69.25;WS50M;diciembre;3.77
I2344;La28.25Lo69.25;WS10M;diciembre;3.4
I2345;La28.25Lo68.75;WS50M;diciembre;3.55
I2346;La28.25Lo68.75;WS10M;diciembre;3.05
I2347;La28.25Lo68.25;WS50M;diciembre;3.02
I2348;La28.25Lo68.25;WS10M;diciembre;3
I2349;La28.25Lo67.75;WS50M;diciembre;3.33
I2350;La28.25Lo67.75;WS10M;diciembre;3.22
I2351;La28.25Lo67.25;WS50M;diciembre;3.61
I2352;La28.25Lo67.25;WS10M;diciembre;3.18
I2353;La28.25Lo66.75;WS50M;diciembre;4.16
I2354;La28.25Lo66.75;WS10M;diciembre;3.37
I2355;La28.25Lo66.25;WS50M;diciembre;4.76
I2356;La28.25Lo66.25;WS10M;diciembre;3.85
I2357;La28.25Lo65.75;WS50M;diciembre;4.81
I2358;La28.25Lo65.75;WS10M;diciembre;3.68
I2359;La28.25Lo65.25;WS50M;diciembre;5.03
I2360;La28.25Lo65.25;WS10M;diciembre;3.46
I2361;La27.75Lo69.75;WS50M;diciembre;3.25
I2362;La27.75Lo69.75;WS10M;diciembre;3.52
I2363;La27.75Lo69.25;WS50M;diciembre;3.79
I2364;La27.75Lo69.25;WS10M;diciembre;3.73
I2365;La27.75Lo68.75;WS50M;diciembre;4.52
I2366;La27.75Lo68.75;WS10M;diciembre;3.85
I2367;La27.75Lo68.25;WS50M;diciembre;2.75
I2368;La27.75Lo68.25;WS10M;diciembre;2.73
I2369;La27.75Lo67.75;WS50M;diciembre;3.37
I2370;La27.75Lo67.75;WS10M;diciembre;3.42
I2371;La27.75Lo67.25;WS50M;diciembre;3.73
I2372;La27.75Lo67.25;WS10M;diciembre;3.49
I2373;La27.75Lo66.75;WS50M;diciembre;3.88
I2374;La27.75Lo66.75;WS10M;diciembre;3.4
I2375;La27.75Lo66.25;WS50M;diciembre;4.95
I2376;La27.75Lo66.25;WS10M;diciembre;4.15
I2377;La27.75Lo65.75;WS50M;diciembre;4.56
I2378;La27.75Lo65.75;WS10M;diciembre;3.62
I2379;La27.75Lo65.25;WS50M;diciembre;5.05
I2380;La27.75Lo65.25;WS10M;diciembre;3.67
I2381;La27.25Lo69.75;WS50M;diciembre;3.45
I2382;La27.25Lo69.75;WS10M;diciembre;3.61
I2383;La27.25Lo69.25;WS50M;diciembre;3.79
I2384;La27.25Lo69.25;WS10M;diciembre;3.85
I2385;La27.25Lo68.75;WS50M;diciembre;4.52
I2386;La27.25Lo68.75;WS10M;diciembre;4.13
I2387;La27.25Lo68.25;WS50M;diciembre;2.84
I2388;La27.25Lo68.25;WS10M;diciembre;2.63
I2389;La27.25Lo67.75;WS50M;diciembre;3.19
I2390;La27.25Lo67.75;WS10M;diciembre;3.23
I2391;La27.25Lo67.25;WS50M;diciembre;3.63
I2392;La27.25Lo67.25;WS10M;diciembre;3.57
I2393;La27.25Lo66.75;WS50M;diciembre;3.49
I2394;La27.25Lo66.75;WS10M;diciembre;3.38
I2395;La27.25Lo66.25;WS50M;diciembre;4.24
I2396;La27.25Lo66.25;WS10M;diciembre;3.84
I2397;La27.25Lo65.75;WS50M;diciembre;4.2
I2398;La27.25Lo65.75;WS10M;diciembre;3.52
I2399;La27.25Lo65.25;WS50M;diciembre;5.08
I2400;La27.25Lo65.25;WS10M;diciembre;3.82
