"";"seco";"fresco";"HORMIGUERO";"SITIO";"MES";"ESPECIE_VEGETAL";"ESTADO";"ORGANO"
"ID001";1;0;"H1";"V";"OCT";"sin";"seco";"fruto"
"ID002";1;0;"H6";"V";"OCT";"sin";"seco";"tallo"
"ID003";0;1;"H9";"V";"OCT";"Y";"verde";"hoja"
"ID004";0;1;"H9";"V";"OCT";"Y";"verde";"flor"
"ID005";1;0;"H5";"V";"OCT";"sin";"seco";"tallo"
"ID006";0;1;"H10";"M";"OCT";"AF";"verde";"hoja"
"ID007";1;0;"H10";"M";"OCT";"sin";"seco";"tallo"
"ID008";1;0;"H10";"M";"OCT";"AQ";"seco";"tallo"
"ID009";0;1;"H10";"M";"OCT";"T";"verde";"hoja"
"ID010";0;1;"H10";"M";"OCT";"AD";"verde";"hoja"
"ID011";0;1;"H10";"M";"OCT";"AD";"verde";"flor"
"ID012";0;1;"H10";"M";"OCT";"AB";"verde";"hoja"
"ID013";0;1;"H10";"M";"OCT";"G";"verde";"hoja"
"ID014";0;1;"H10";"M";"OCT";"G";"verde";"flor"
"ID015";1;0;"H10";"M";"OCT";"AQ";"seco";"hoja"
"ID016";1;0;"H10";"M";"OCT";"AF";"seco";"hoja"
"ID017";0;1;"H10";"M";"OCT";"AF";"verde";"hoja"
"ID018";0;1;"H10";"M";"OCT";"AF";"verde";"flor"
"ID019";1;0;"H10";"M";"OCT";"sin";"seco";"tallo"
"ID020";0;1;"H13";"M";"OCT";"AE";"verde";"hoja"
"ID021";0;1;"H13";"M";"OCT";"T";"verde";"hoja"
"ID022";1;0;"H2";"V";"NOV";"sin";"seco";"tallo"
"ID023";0;1;"H2";"V";"NOV";"sin";"verde";"tallo"
"ID024";0;1;"H2";"V";"NOV";"G";"verde";"flor"
"ID025";0;1;"H2";"V";"NOV";"AD";"verde";"hoja"
"ID026";0;1;"H2";"V";"NOV";"I";"verde";"hoja"
"ID027";0;1;"H2";"V";"NOV";"AQ";"verde";"hoja"
"ID028";1;0;"H2";"V";"NOV";"sin";"seco";"hoja"
"ID029";0;1;"H5";"V";"NOV";"AQ";"verde";"hoja"
"ID030";0;1;"H5";"V";"NOV";"D";"verde";"hoja"
"ID031";0;1;"H5";"V";"NOV";"sin";"verde";"hoja"
"ID032";1;0;"H5";"V";"NOV";"AF";"seco";"flor"
"ID033";1;0;"H5";"V";"NOV";"M";"seco";"fruto"
"ID034";0;1;"H5";"V";"NOV";"sin";"verde";"tallo"
"ID035";1;0;"H5";"V";"NOV";"sin";"seco";"tallo"
"ID036";0;1;"H5";"V";"NOV";"E";"verde";"fruto"
"ID037";0;1;"H5";"V";"NOV";"E";"verde";"hoja"
"ID038";0;1;"H5";"V";"NOV";"E";"verde";"flor"
"ID039";0;1;"H6";"V";"NOV";"AG";"verde";"flor"
"ID040";0;1;"H6";"V";"NOV";"H";"verde";"fruto"
"ID041";0;1;"H6";"V";"NOV";"AQ";"verde";"hoja"
"ID042";0;1;"H6";"V";"NOV";"AP";"verde";"flor"
"ID043";0;1;"H6";"V";"NOV";"AL";"verde";"hoja"
"ID044";0;1;"H6";"V";"NOV";"AF";"verde";"flor"
"ID045";0;1;"H6";"V";"NOV";"AO";"verde";"flor"
"ID046";1;0;"H6";"V";"NOV";"AP";"seco";"hoja"
"ID047";0;1;"H6";"V";"NOV";"sin";"verde";"tallo"
"ID048";0;1;"H6";"V";"NOV";"sin";"verde";"hoja"
"ID049";0;1;"H7";"V";"NOV";"AO";"verde";"flor"
"ID050";1;0;"H7";"V";"NOV";"AO";"seco";"hoja"
"ID051";1;0;"H8";"V";"NOV";"AP";"seco";"hoja"
"ID052";1;0;"H8";"V";"NOV";"AP";"seco";"tallo"
"ID053";1;0;"H8";"V";"NOV";"sin";"seco";"tallo"
"ID054";1;0;"H8";"V";"NOV";"AQ";"seco";"hoja"
"ID055";0;1;"H9";"M";"NOV";"AQ";"verde";"hoja"
"ID056";1;0;"H9";"M";"NOV";"sin";"seco";"tallo"
"ID057";0;1;"H9";"M";"NOV";"AM";"verde";"tallo"
"ID058";0;1;"H9";"M";"NOV";"sin";"verde";"tallo"
"ID059";0;1;"H9";"M";"NOV";"T";"verde";"hoja"
"ID060";1;0;"H9";"M";"NOV";"AQ";"seco";"hoja"
"ID061";0;1;"H9";"M";"NOV";"AQ";"verde";"hoja"
"ID062";1;0;"H9";"M";"NOV";"AQ";"seco";"hoja"
"ID063";1;0;"H4";"M";"NOV";"sin";"seco";"tallo"
"ID064";0;1;"H4";"M";"NOV";"sin";"verde";"tallo"
"ID065";0;1;"H4";"M";"NOV";"AQ";"verde";"hoja"
"ID066";1;0;"H4";"M";"NOV";"C";"seco";"fruto"
"ID067";0;1;"H4";"M";"NOV";"T";"verde";"hoja"
"ID068";1;0;"H4";"M";"NOV";"AQ";"seco";"hoja"
"ID069";1;0;"H1";"V";"DIC";"sin";"seco";"tallo"
"ID070";0;1;"H1";"V";"DIC";"sin";"verde";"tallo"
"ID071";1;0;"H1";"V";"DIC";"K";"seco";"flor"
"ID072";0;1;"H1";"V";"DIC";"K";"verde";"tallo"
"ID073";0;1;"H2";"V";"DIC";"AQ";"verde";"hoja"
"ID074";0;1;"H2";"V";"DIC";"sin";"verde";"tallo"
"ID075";1;0;"H2";"V";"DIC";"Y";"seco";"hoja"
"ID076";1;0;"H2";"V";"DIC";"I";"seco";"hoja"
"ID077";0;1;"H2";"V";"DIC";"I";"verde";"flor"
"ID078";1;0;"H4";"V";"DIC";"Y";"seco";"hoja"
"ID079";0;1;"H4";"V";"DIC";"AB";"verde";"hoja"
"ID080";0;1;"H4";"V";"DIC";"sin";"verde";"tallo"
"ID081";1;0;"H4";"V";"DIC";"sin";"seco";"tallo"
"ID082";0;1;"H4";"V";"DIC";"U";"verde";"hoja"
"ID083";0;1;"H4";"V";"DIC";"AH";"verde";"flor"
"ID084";1;0;"H5";"V";"DIC";"AQ";"seco";"zarcillo"
"ID085";0;1;"H5";"V";"DIC";"AQ";"verde";"hoja"
"ID086";1;0;"H5";"V";"DIC";"sin";"seco";"tallo"
"ID087";0;1;"H5";"V";"DIC";"sin";"verde";"flor"
"ID088";1;0;"H5";"V";"DIC";"sin";"seco";"tallo"
"ID089";0;1;"H5";"V";"DIC";"sin";"verde";"hoja"
"ID090";0;1;"H5";"V";"DIC";"sin";"verde";"tallo"
"ID091";0;1;"H6";"V";"DIC";"sin";"verde";"tallo"
"ID092";1;0;"H6";"V";"DIC";"sin";"seco";"tallo"
"ID093";1;0;"H6";"V";"DIC";"sin";"seco";"flor"
"ID094";0;1;"H6";"V";"DIC";"V";"verde";"hoja"
"ID095";0;1;"H6";"V";"DIC";"AQ";"verde";"hoja"
"ID096";0;1;"H6";"V";"DIC";"AI";"verde";"flor"
"ID097";0;1;"H6";"V";"DIC";"AI";"verde";"hoja"
"ID098";1;0;"H6";"V";"DIC";"Y";"seco";"hoja"
"ID099";0;1;"H6";"V";"DIC";"Y";"verde";"flor"
"ID100";1;0;"H6";"V";"DIC";"M";"seco";"fruto"
"ID101";1;0;"H6";"V";"DIC";"AH";"seco";"flor"
"ID102";0;1;"H7";"V";"DIC";"Y";"verde";"hoja"
"ID103";0;1;"H7";"V";"DIC";"Y";"verde";"fruto"
"ID104";0;1;"H7";"V";"DIC";"Y";"verde";"tallo"
"ID105";1;0;"H7";"V";"DIC";"Y";"seco";"hoja"
"ID106";0;1;"H7";"V";"DIC";"AQ";"verde";"hoja"
"ID107";0;1;"H7";"V";"DIC";"sin";"verde";"flor"
"ID108";0;1;"H7";"V";"DIC";"sin";"verde";"tallo"
"ID109";1;0;"H7";"V";"DIC";"AC";"seco";"fruto"
"ID110";0;1;"H7";"V";"DIC";"U";"verde";"hoja"
"ID111";0;1;"H7";"V";"DIC";"AH";"verde";"flor"
"ID112";0;1;"H7";"V";"DIC";"sin";"verde";"hoja"
"ID113";1;0;"H7";"V";"DIC";"M";"seco";"fruto"
"ID114";1;0;"H8";"V";"DIC";"sin";"seco";"tallo"
"ID115";1;0;"H8";"V";"DIC";"AO";"seco";"hoja"
"ID116";0;1;"H8";"V";"DIC";"G";"verde";"hoja"
"ID117";1;0;"H9";"V";"DIC";"sin";"seco";"tallo"
"ID118";0;1;"H9";"V";"DIC";"sin";"verde";"hoja"
"ID119";1;0;"H9";"V";"DIC";"M";"seco";"fruto"
"ID120";0;1;"H9";"V";"DIC";"AQ";"verde";"hoja"
"ID121";1;0;"H1";"V";"DIC";"sin";"seco";"tallo"
"ID122";0;1;"H1";"V";"DIC";"sin";"verde";"flor"
"ID123";0;1;"H1";"V";"DIC";"AD";"verde";"hoja"
"ID124";1;0;"H1";"V";"DIC";"H";"seco";"fruto"
"ID125";1;0;"H1";"V";"DIC";"M";"seco";"fruto"
"ID126";0;1;"H1";"V";"DIC";"AI";"verde";"hoja"
"ID127";0;1;"H1";"V";"DIC";"AI";"verde";"flor"
"ID128";0;1;"H1";"V";"DIC";"I";"verde";"hoja"
"ID129";0;1;"H2";"V";"DIC";"AQ";"verde";"hoja"
"ID130";1;0;"H2";"V";"DIC";"sin";"seco";"tallo"
"ID131";1;0;"H3";"V";"DIC";"sin";"seco";"tallo"
"ID132";0;1;"H3";"V";"DIC";"sin";"verde";"flor"
"ID133";1;0;"H4";"V";"DIC";"sin";"seco";"tallo"
"ID134";0;1;"H4";"V";"DIC";"AQ";"verde";"hoja"
"ID135";1;0;"H4";"V";"DIC";"AO";"seco";"hoja"
"ID136";0;1;"H4";"V";"DIC";"Y";"verde";"hoja"
"ID137";0;1;"H4";"V";"DIC";"AI";"verde";"hoja"
"ID138";0;1;"H4";"V";"DIC";"AA";"verde";"flor"
"ID139";1;0;"H4";"V";"DIC";"AD";"seco";"hoja"
"ID140";1;0;"H4";"V";"DIC";"Y";"seco";"flor"
"ID141";1;0;"H4";"V";"DIC";"C";"seco";"fruto"
"ID142";0;1;"H5";"V";"DIC";"AQ";"verde";"hoja"
"ID143";0;1;"H5";"V";"DIC";"sin";"verde";"hoja"
"ID144";1;0;"H6";"V";"DIC";"sin";"seco";"tallo"
"ID145";0;1;"H6";"V";"DIC";"sin";"verde";"tallo"
"ID146";0;1;"H6";"V";"DIC";"sin";"verde";"flor"
"ID147";0;1;"H6";"V";"DIC";"Y";"verde";"flor"
"ID148";1;0;"H7";"V";"DIC";"sin";"seco";"tallo"
"ID149";0;1;"H7";"V";"DIC";"sin";"verde";"tallo"
"ID150";0;1;"H7";"V";"DIC";"Y";"verde";"hoja"
"ID151";0;1;"H7";"V";"DIC";"P";"verde";"flor"
"ID152";1;0;"H8";"V";"DIC";"sin";"seco";"tallo"
"ID153";0;1;"H8";"V";"DIC";"sin";"verde";"hoja"
"ID154";0;1;"H8";"V";"DIC";"AQ";"verde";"tallo"
"ID155";0;1;"H8";"V";"DIC";"AQ";"verde";"hoja"
"ID156";0;1;"H9";"V";"DIC";"AD";"verde";"hoja"
"ID157";1;0;"H9";"V";"DIC";"sin";"seco";"tallo"
"ID158";1;0;"H12";"M";"DIC";"sin";"seco";"tallo"
"ID159";1;0;"H12";"M";"DIC";"T";"seco";"hoja"
"ID160";0;1;"H12";"M";"DIC";"sin";"verde";"flor"
"ID161";0;1;"H12";"M";"DIC";"W";"verde";"flor"
"ID162";0;1;"H12";"M";"DIC";"W";"verde";"hoja"
"ID163";1;0;"H11";"M";"DIC";"sin";"seco";"tallo"
"ID164";0;1;"H11";"M";"DIC";"sin";"verde";"tallo"
"ID165";0;1;"H11";"M";"DIC";"AD";"verde";"hoja"
"ID166";0;1;"H11";"M";"DIC";"AQ";"verde";"hoja"
"ID167";1;0;"H11";"M";"DIC";"AQ";"seco";"hoja"
"ID168";0;1;"H11";"M";"DIC";"N";"verde";"flor"
"ID169";1;0;"H11";"M";"DIC";"sin";"seco";"fruto"
"ID170";0;1;"H11";"M";"DIC";"AH";"verde";"flor"
"ID171";1;0;"H11";"M";"DIC";"sin";"seco";"hoja"
"ID172";0;1;"H11";"M";"DIC";"sin";"verde";"flor"
"ID173";0;1;"H11";"M";"DIC";"J";"verde";"hoja"
"ID174";0;1;"H1";"V";"ENE";"sin";"verde";"tallo"
"ID175";0;1;"H1";"V";"ENE";"AD";"verde";"tallo"
"ID176";0;1;"H1";"V";"ENE";"sin";"verde";"tallo"
"ID177";1;0;"H1";"V";"ENE";"AQ";"seco";"hoja"
"ID178";0;1;"H1";"V";"ENE";"AQ";"verde";"hoja"
"ID179";0;1;"H1";"V";"ENE";"AK";"verde";"flor"
"ID180";0;1;"H2";"V";"ENE";"AD";"verde";"hoja"
"ID181";1;0;"H2";"V";"ENE";"AO";"seco";"hoja"
"ID182";1;0;"H2";"V";"ENE";"sin";"seco";"tallo"
"ID183";0;1;"H2";"V";"ENE";"C";"verde";"fruto"
"ID184";0;1;"H2";"V";"ENE";"AK";"verde";"flor"
"ID185";0;1;"H2";"V";"ENE";"AQ";"verde";"hoja"
"ID186";0;1;"H3";"V";"ENE";"AQ";"verde";"hoja"
"ID187";0;1;"H3";"V";"ENE";"sin";"verde";"flor"
"ID188";0;1;"H3";"V";"ENE";"AL";"verde";"fruto"
"ID189";1;0;"H3";"V";"ENE";"sin";"seco";"tallo"
"ID190";0;1;"H3";"V";"ENE";"M";"verde";"fruto"
"ID191";1;0;"H3";"V";"ENE";"M";"seco";"fruto"
"ID192";1;0;"H4";"V";"ENE";"sin";"seco";"tallo"
"ID193";1;0;"H4";"V";"ENE";"T";"seco";"hoja"
"ID194";0;1;"H4";"V";"ENE";"AQ";"verde";"hoja"
"ID195";1;0;"H4";"V";"ENE";"AQ";"seco";"hoja"
"ID196";0;1;"H5";"V";"ENE";"sin";"verde";"tallo"
"ID197";1;0;"H5";"V";"ENE";"sin";"seco";"tallo"
"ID198";0;1;"H5";"V";"ENE";"P";"verde";"hoja"
"ID199";0;1;"H5";"V";"ENE";"AD";"verde";"hoja"
"ID200";1;0;"H5";"V";"ENE";"AQ";"seco";"fruto"
"ID201";0;1;"H5";"V";"ENE";"AQ";"verde";"hoja"
"ID202";1;0;"H5";"V";"ENE";"AA";"seco";"hoja"
"ID203";0;1;"H5";"V";"ENE";"I";"verde";"hoja"
"ID204";0;1;"H5";"V";"ENE";"L";"verde";"hoja"
"ID205";1;0;"H6";"V";"ENE";"T";"seco";"hoja"
"ID206";0;1;"H6";"V";"ENE";"AD";"verde";"hoja"
"ID207";0;1;"H6";"V";"ENE";"Y";"verde";"hoja"
"ID208";1;0;"H6";"V";"ENE";"AL";"seco";"fruto"
"ID209";0;1;"H6";"V";"ENE";"M";"verde";"flor"
"ID210";0;1;"H6";"V";"ENE";"AQ";"verde";"hoja"
"ID211";0;1;"H6";"V";"ENE";"K";"verde";"hoja"
"ID212";0;1;"H6";"V";"ENE";"sin";"verde";"tallo"
"ID213";1;0;"H6";"V";"ENE";"sin";"seco";"tallo"
"ID214";0;1;"H7";"V";"ENE";"T";"verde";"hoja"
"ID215";0;1;"H7";"V";"ENE";"Y";"verde";"hoja"
"ID216";0;1;"H7";"V";"ENE";"AQ";"verde";"hoja"
"ID217";1;0;"H8";"V";"ENE";"sin";"seco";"tallo"
"ID218";0;1;"H9";"V";"ENE";"AD";"verde";"tallo"
"ID219";1;0;"H9";"V";"ENE";"AO";"seco";"hoja"
"ID220";0;1;"H9";"V";"ENE";"AA";"verde";"hoja"
"ID221";1;0;"H9";"V";"ENE";"AP";"seco";"hoja"
"ID222";1;0;"H9";"V";"ENE";"sin";"seco";"tallo"
"ID223";0;1;"H9";"V";"ENE";"sin";"verde";"tallo"
"ID224";0;1;"H9";"V";"ENE";"K";"verde";"hoja"
"ID225";0;1;"H9";"V";"ENE";"AQ";"verde";"hoja"
"ID226";0;1;"H1";"V";"ENE";"K";"verde";"hoja"
"ID227";0;1;"H1";"V";"ENE";"AD";"verde";"hoja"
"ID228";0;1;"H1";"V";"ENE";"Y";"verde";"hoja"
"ID229";0;1;"H1";"V";"ENE";"AO";"verde";"hoja"
"ID230";1;0;"H1";"V";"ENE";"sin";"seco";"tallo"
"ID231";0;1;"H1";"V";"ENE";"T";"verde";"hoja"
"ID232";0;1;"H1";"V";"ENE";"Y";"verde";"flor"
"ID233";0;1;"H1";"V";"ENE";"I";"verde";"hoja"
"ID234";0;1;"H1";"V";"ENE";"AQ";"verde";"hoja"
"ID235";0;1;"H2";"V";"ENE";"T";"verde";"hoja"
"ID236";0;1;"H2";"V";"ENE";"AD";"verde";"hoja"
"ID237";1;0;"H2";"V";"ENE";"sin";"seco";"tallo"
"ID238";0;1;"H2";"V";"ENE";"I";"verde";"hoja"
"ID239";0;1;"H2";"V";"ENE";"Y";"verde";"hoja"
"ID240";1;0;"H2";"V";"ENE";"C";"seco";"fruto"
"ID241";0;1;"H2";"V";"ENE";"AQ";"verde";"hoja"
"ID242";0;1;"H2";"V";"ENE";"R";"verde";"hoja"
"ID243";0;1;"H3";"V";"ENE";"AD";"verde";"hoja"
"ID244";0;1;"H3";"V";"ENE";"Y";"verde";"hoja"
"ID245";1;0;"H3";"V";"ENE";"Y";"seco";"hoja"
"ID246";0;1;"H3";"V";"ENE";"M";"verde";"fruto"
"ID247";0;1;"H3";"V";"ENE";"M";"verde";"flor"
"ID248";0;1;"H3";"V";"ENE";"AQ";"verde";"hoja"
"ID249";0;1;"H3";"V";"ENE";"sin";"verde";"hoja"
"ID250";0;1;"H3";"V";"ENE";"I";"verde";"hoja"
"ID251";0;1;"H3";"V";"ENE";"T";"verde";"hoja"
"ID252";0;1;"H3";"V";"ENE";"sin";"verde";"tallo"
"ID253";1;0;"H3";"V";"ENE";"sin";"seco";"tallo"
"ID254";0;1;"H4";"V";"ENE";"AD";"verde";"hoja"
"ID255";0;1;"H4";"V";"ENE";"Y";"verde";"hoja"
"ID256";0;1;"H4";"V";"ENE";"T";"verde";"hoja"
"ID257";0;1;"H4";"V";"ENE";"AQ";"verde";"hoja"
"ID258";1;0;"H4";"V";"ENE";"sin";"seco";"hoja"
"ID259";0;1;"H4";"V";"ENE";"sin";"verde";"hoja"
"ID260";0;1;"H4";"V";"ENE";"sin";"verde";"flor"
"ID261";0;1;"H4";"V";"ENE";"R";"verde";"hoja"
"ID262";0;1;"H4";"V";"ENE";"R";"verde";"flor"
"ID263";1;0;"H5";"V";"ENE";"AO";"seco";"hoja"
"ID264";1;0;"H5";"V";"ENE";"AQ";"seco";"hoja"
"ID265";1;0;"H6";"V";"ENE";"sin";"seco";"tallo"
"ID266";1;0;"H7";"V";"ENE";"sin";"seco";"tallo"
"ID267";1;0;"H7";"V";"ENE";"AQ";"seco";"fruto"
"ID268";0;1;"H7";"V";"ENE";"AQ";"verde";"hoja"
"ID269";0;1;"H7";"V";"ENE";"I";"verde";"hoja"
"ID270";1;0;"H7";"V";"ENE";"sin";"seco";"tallo"
"ID271";0;1;"H7";"V";"ENE";"AD";"verde";"hoja"
"ID272";1;0;"H7";"V";"ENE";"Y";"seco";"hoja"
"ID273";0;1;"H7";"V";"ENE";"AQ";"verde";"hoja"
"ID274";1;0;"H8";"V";"ENE";"sin";"seco";"tallo"
"ID275";1;0;"H8";"V";"ENE";"Y";"seco";"hoja"
"ID276";0;1;"H8";"V";"ENE";"Y";"verde";"hoja"
"ID277";1;0;"H8";"V";"ENE";"AA";"seco";"hoja"
"ID278";0;1;"H8";"V";"ENE";"sin";"verde";"hoja"
"ID279";0;1;"H8";"V";"ENE";"AQ";"verde";"hoja"
"ID280";1;0;"H9";"V";"ENE";"AQ";"seco";"hoja"
"ID281";1;0;"H9";"V";"ENE";"M";"seco";"fruto"
"ID282";0;1;"H9";"V";"ENE";"sin";"verde";"tallo"
"ID283";0;1;"H9";"V";"ENE";"AF";"verde";"hoja"
"ID284";0;1;"H1";"V";"ENE";"sin";"verde";"tallo"
"ID285";1;0;"H1";"V";"ENE";"sin";"seco";"tallo"
"ID286";0;1;"H1";"V";"ENE";"I";"verde";"hoja"
"ID287";0;1;"H1";"V";"ENE";"AQ";"verde";"hoja"
"ID288";0;1;"H1";"V";"ENE";"sin";"verde";"flor"
"ID289";1;0;"H2";"V";"ENE";"sin";"seco";"tallo"
"ID290";0;1;"H2";"V";"ENE";"AD";"verde";"hoja"
"ID291";0;1;"H2";"V";"ENE";"AQ";"verde";"hoja"
"ID292";1;0;"H2";"V";"ENE";"AQ";"seco";"hoja"
"ID293";0;1;"H2";"V";"ENE";"AF";"verde";"hoja"
"ID294";1;0;"H3";"V";"ENE";"sin";"seco";"tallo"
"ID295";1;0;"H3";"V";"ENE";"AQ";"seco";"hoja"
"ID296";0;1;"H3";"V";"ENE";"AQ";"verde";"hoja"
"ID297";1;0;"H4";"V";"ENE";"Y";"seco";"hoja"
"ID298";1;0;"H4";"V";"ENE";"sin";"seco";"tallo"
"ID299";0;1;"H4";"V";"ENE";"AD";"verde";"hoja"
"ID300";0;1;"H4";"V";"ENE";"sin";"verde";"flor"
"ID301";0;1;"H4";"V";"ENE";"P";"verde";"flor"
"ID302";0;1;"H4";"V";"ENE";"AA";"verde";"hoja"
"ID303";0;1;"H4";"V";"ENE";"K";"verde";"hoja"
"ID304";1;0;"H4";"V";"ENE";"H";"seco";"hoja"
"ID305";1;0;"H4";"V";"ENE";"AQ";"seco";"hoja"
"ID306";0;1;"H4";"V";"ENE";"AQ";"verde";"hoja"
"ID307";0;1;"H5";"V";"ENE";"AD";"verde";"hoja"
"ID308";1;0;"H5";"V";"ENE";"sin";"seco";"tallo"
"ID309";1;0;"H5";"V";"ENE";"sin";"seco";"hoja"
"ID310";1;0;"H5";"V";"ENE";"T";"seco";"hoja"
"ID311";0;1;"H5";"V";"ENE";"AH";"verde";"hoja"
"ID312";0;1;"H5";"V";"ENE";"AF";"verde";"hoja"
"ID313";0;1;"H5";"V";"ENE";"AQ";"verde";"hoja"
"ID314";0;1;"H6";"V";"ENE";"Y";"verde";"hoja"
"ID315";1;0;"H6";"V";"ENE";"sin";"seco";"tallo"
"ID316";0;1;"H6";"V";"ENE";"AQ";"verde";"hoja"
"ID317";0;1;"H11";"M";"ENE";"sin";"verde";"tallo"
"ID318";1;0;"H11";"M";"ENE";"AQ";"seco";"hoja"
"ID319";1;0;"H11";"M";"ENE";"Q";"seco";"fruto"
"ID320";1;0;"H11";"M";"ENE";"T";"seco";"hoja"
"ID321";0;1;"H11";"M";"ENE";"T";"verde";"hoja"
"ID322";1;0;"H11";"M";"ENE";"sin";"seco";"tallo"
"ID323";1;0;"H12";"M";"ENE";"sin";"seco";"hoja"
"ID324";0;1;"H12";"M";"ENE";"AQ";"verde";"hoja"
"ID325";1;0;"H12";"M";"ENE";"AQ";"seco";"hoja"
"ID326";0;1;"H12";"M";"ENE";"AJ";"verde";"hoja"
"ID327";1;0;"H13";"M";"ENE";"sin";"seco";"tallo"
"ID328";0;1;"H13";"M";"ENE";"T";"verde";"hoja"
"ID329";0;1;"H13";"M";"ENE";"AJ";"verde";"tallo"
"ID330";0;1;"H13";"M";"ENE";"sin";"verde";"hoja"
"ID331";0;1;"H1";"V";"FEB";"sin";"verde";"tallo"
"ID332";1;0;"H1";"V";"FEB";"AF";"seco";"hoja"
"ID333";0;1;"H2";"V";"FEB";"Y";"verde";"hoja"
"ID334";0;1;"H2";"V";"FEB";"I";"verde";"flor"
"ID335";1;0;"H3";"V";"FEB";"sin";"seco";"tallo"
"ID336";1;0;"H3";"V";"FEB";"sin";"seco";"semilla"
"ID337";1;0;"H4";"V";"FEB";"sin";"seco";"tallo"
"ID338";0;1;"H4";"V";"FEB";"U";"verde";"hoja"
"ID339";0;1;"H4";"V";"FEB";"U";"verde";"tallo"
"ID340";0;1;"H4";"V";"FEB";"AQ";"verde";"hoja"
"ID341";1;0;"H5";"V";"FEB";"sin";"seco";"tallo"
"ID342";0;1;"H5";"V";"FEB";"sin";"verde";"tallo"
"ID343";1;0;"H5";"V";"FEB";"sin";"seco";"hoja"
"ID344";0;1;"H5";"V";"FEB";"AI";"verde";"hoja"
"ID345";1;0;"H5";"V";"FEB";"A";"seco";"semilla"
"ID346";1;0;"H5";"V";"FEB";"AQ";"seco";"fruto"
"ID347";0;1;"H5";"V";"FEB";"AQ";"verde";"hoja"
"ID348";1;0;"H6";"V";"FEB";"AL";"seco";"fruto"
"ID349";1;0;"H6";"V";"FEB";"AQ";"seco";"fruto"
"ID350";0;1;"H6";"V";"FEB";"AL";"verde";"hoja"
"ID351";0;1;"H6";"V";"FEB";"AL";"verde";"tallo"
"ID352";0;1;"H7";"V";"FEB";"sin";"verde";"tallo"
"ID353";1;0;"H7";"V";"FEB";"sin";"seco";"tallo"
"ID354";0;1;"H7";"V";"FEB";"AD";"verde";"hoja"
"ID355";1;0;"H7";"V";"FEB";"sin";"seco";"fruto"
"ID356";0;1;"H7";"V";"FEB";"Y";"verde";"flor"
"ID357";1;0;"H7";"V";"FEB";"Y";"seco";"hoja"
"ID358";0;1;"H7";"V";"FEB";"I";"verde";"hoja"
"ID359";1;0;"H7";"V";"FEB";"T";"seco";"hoja"
"ID360";1;0;"H7";"V";"FEB";"AQ";"seco";"fruto"
"ID361";0;1;"H7";"V";"FEB";"AQ";"verde";"hoja"
"ID362";0;1;"H8";"V";"FEB";"AQ";"verde";"hoja"
"ID363";1;0;"H8";"V";"FEB";"AQ";"seco";"hoja"
"ID364";0;1;"H8";"V";"FEB";"AQ";"verde";"fruto"
"ID365";0;1;"H8";"V";"FEB";"sin";"verde";"tallo"
"ID366";1;0;"H8";"V";"FEB";"sin";"seco";"tallo"
"ID367";0;1;"H9";"V";"FEB";"AL";"verde";"fruto"
"ID368";0;1;"H9";"V";"FEB";"AQ";"verde";"hoja"
"ID369";0;1;"H1";"V";"FEB";"AQ";"verde";"hoja"
"ID370";0;1;"H2";"V";"FEB";"F";"verde";"fruto"
"ID371";1;0;"H2";"V";"FEB";"AD";"seco";"hoja"
"ID372";0;1;"H2";"V";"FEB";"AD";"verde";"hoja"
"ID373";1;0;"H2";"V";"FEB";"sin";"seco";"tallo"
"ID374";0;1;"H2";"V";"FEB";"AI";"verde";"hoja"
"ID375";1;0;"H2";"V";"FEB";"I";"seco";"hoja"
"ID376";0;1;"H2";"V";"FEB";"AH";"verde";"hoja"
"ID377";0;1;"H3";"V";"FEB";"sin";"verde";"hoja"
"ID378";1;0;"H3";"V";"FEB";"sin";"seco";"tallo"
"ID379";0;1;"H3";"V";"FEB";"sin";"verde";"tallo"
"ID380";0;1;"H3";"V";"FEB";"AQ";"verde";"hoja"
"ID381";0;1;"H3";"V";"FEB";"AQ";"verde";"fruto"
"ID382";0;1;"H3";"V";"FEB";"Y";"verde";"hoja"
"ID383";0;1;"H3";"V";"FEB";"Y";"verde";"flor"
"ID384";1;0;"H3";"V";"FEB";"AA";"seco";"hoja"
"ID385";0;1;"H3";"V";"FEB";"AI";"verde";"hoja"
"ID386";0;1;"H3";"V";"FEB";"AI";"verde";"flor"
"ID387";0;1;"H3";"V";"FEB";"sin";"verde";"flor"
"ID388";0;1;"H3";"V";"FEB";"AH";"verde";"hoja"
"ID389";1;0;"H3";"V";"FEB";"A";"seco";"fruto"
"ID390";0;1;"H3";"V";"FEB";"X";"verde";"hoja"
"ID391";0;1;"H4";"V";"FEB";"AD";"verde";"hoja"
"ID392";1;0;"H4";"V";"FEB";"Y";"seco";"hoja"
"ID393";1;0;"H4";"V";"FEB";"sin";"seco";"tallo"
"ID394";0;1;"H4";"V";"FEB";"K";"verde";"hoja"
"ID395";0;1;"H4";"V";"FEB";"AQ";"verde";"hoja"
"ID396";0;1;"H4";"V";"FEB";"I";"verde";"flor"
"ID397";0;1;"H4";"V";"FEB";"sin";"verde";"hoja"
"ID398";1;0;"H5";"V";"FEB";"AQ";"seco";"hoja"
"ID399";0;1;"H5";"V";"FEB";"sin";"verde";"tallo"
"ID400";0;1;"H5";"V";"FEB";"sin";"verde";"hoja"
"ID401";0;1;"H6";"V";"FEB";"AD";"verde";"hoja"
"ID402";1;0;"H6";"V";"FEB";"sin";"seco";"tallo"
"ID403";0;1;"H6";"V";"FEB";"AL";"verde";"hoja"
"ID404";0;1;"H6";"V";"FEB";"AQ";"verde";"hoja"
"ID405";0;1;"H6";"V";"FEB";"sin";"verde";"hoja"
"ID406";0;1;"H8";"V";"FEB";"sin";"verde";"tallo"
"ID407";0;1;"H7";"V";"FEB";"AQ";"verde";"hoja"
"ID408";0;1;"H11";"M";"FEB";"T";"verde";"hoja"
"ID409";0;1;"H11";"M";"FEB";"AQ";"verde";"hoja"
"ID410";0;1;"H11";"M";"FEB";"sin";"verde";"tallo"
"ID411";0;1;"H11";"M";"FEB";"Z";"verde";"hoja"
"ID412";0;1;"H11";"M";"FEB";"sin";"verde";"hoja"
"ID413";0;1;"H12";"M";"FEB";"sin";"verde";"tallo"
"ID414";1;0;"H12";"M";"FEB";"sin";"seco";"fruto"
"ID415";1;0;"H11";"M";"FEB";"AQ";"seco";"hoja"
"ID416";0;1;"H11";"M";"FEB";"AQ";"verde";"hoja"
"ID417";0;1;"H11";"M";"FEB";"AL";"verde";"hoja"
"ID418";0;1;"H12";"M";"FEB";"T";"verde";"hoja"
"ID419";0;1;"H12";"M";"FEB";"I";"verde";"hoja"
"ID420";0;1;"H12";"M";"FEB";"sin";"verde";"hoja"
"ID421";1;0;"H6";"M";"MAR";"sin";"seco";"tallo"
"ID422";1;0;"H2";"V";"MAR";"B";"seco";"hoja"
"ID423";0;1;"H5";"V";"MAR";"AQ";"verde";"fruto"
"ID424";1;0;"H9";"V";"MAR";"AD";"seco";"hoja"
"ID425";1;0;"H9";"V";"MAR";"AA";"seco";"hoja"
"ID426";1;0;"H9";"V";"MAR";"AA";"seco";"flor"
"ID427";1;0;"H2";"V";"MAR";"sin";"seco";"tallo"
"ID428";0;1;"H2";"V";"MAR";"sin";"verde";"tallo"
"ID429";1;0;"H2";"V";"MAR";"AA";"seco";"hoja"
"ID430";0;1;"H2";"V";"MAR";"AA";"verde";"flor"
"ID431";0;1;"H2";"V";"MAR";"I";"verde";"hoja"
"ID432";0;1;"H2";"V";"MAR";"I";"verde";"flor"
"ID433";1;0;"H2";"V";"MAR";"O";"seco";"hoja"
"ID434";1;0;"H3";"V";"MAR";"sin";"seco";"tallo"
"ID435";0;1;"H3";"V";"MAR";"AD";"verde";"hoja"
"ID436";1;0;"H3";"V";"MAR";"AD";"seco";"hoja"
"ID437";1;0;"H3";"V";"MAR";"Y";"seco";"tallo"
"ID438";1;0;"H3";"V";"MAR";"Y";"seco";"fruto"
"ID439";1;0;"H3";"V";"MAR";"AQ";"seco";"fruto"
"ID440";1;0;"H3";"V";"MAR";"AL";"seco";"fruto"
"ID441";1;0;"H3";"V";"MAR";"AL";"seco";"hoja"
"ID442";1;0;"H3";"V";"MAR";"sin";"seco";"flor"
"ID443";1;0;"H3";"V";"MAR";"I";"seco";"hoja"
"ID444";0;1;"H3";"V";"MAR";"AN";"verde";"hoja"
"ID445";0;1;"H5";"V";"MAR";"Y";"verde";"hoja"
"ID446";0;1;"H5";"V";"MAR";"sin";"verde";"tallo"
"ID447";0;1;"H5";"V";"MAR";"sin";"verde";"flor"
"ID448";0;1;"H5";"V";"MAR";"AD";"verde";"hoja"
"ID449";1;0;"H5";"V";"MAR";"AQ";"seco";"hoja"
"ID450";0;1;"H5";"V";"MAR";"sin";"verde";"hoja"
"ID451";0;1;"H7";"V";"MAR";"AQ";"verde";"fruto"
"ID452";1;0;"H7";"V";"MAR";"sin";"seco";"tallo"
"ID453";0;1;"H7";"V";"MAR";"sin";"verde";"tallo"
"ID454";1;0;"H7";"V";"MAR";"AD";"seco";"hoja"
"ID455";0;1;"H7";"V";"MAR";"AA";"verde";"flor"
"ID456";0;1;"H7";"V";"MAR";"sin";"verde";"flor"
"ID457";1;0;"H7";"V";"MAR";"Y";"seco";"fruto"
"ID458";0;1;"H7";"V";"MAR";"I";"verde";"hoja"
"ID459";1;0;"H7";"V";"MAR";"AQ";"seco";"hoja"
"ID460";1;0;"H7";"V";"MAR";"sin";"seco";"fruto"
"ID461";0;1;"H7";"V";"MAR";"T";"verde";"fruto"
"ID462";1;0;"H7";"V";"MAR";"A";"seco";"fruto"
"ID463";1;0;"H9";"V";"MAR";"AQ";"seco";"hoja"
"ID464";1;0;"H9";"V";"MAR";"I";"seco";"hoja"
"ID465";1;0;"H9";"V";"MAR";"sin";"seco";"tallo"
"ID466";1;0;"H9";"V";"MAR";"AD";"seco";"hoja"
"ID467";0;1;"H9";"V";"MAR";"sin";"verde";"hoja"
"ID468";1;0;"H11";"M";"MAR";"sin";"seco";"tallo"
"ID469";0;1;"H11";"M";"MAR";"AD";"verde";"hoja"
"ID470";0;1;"H11";"M";"MAR";"sin";"verde";"hoja"
"ID471";1;0;"H11";"M";"MAR";"F";"seco";"fruto"
"ID472";1;0;"H11";"M";"MAR";"S";"seco";"flor"
"ID473";1;0;"H11";"M";"MAR";"AJ";"seco";"flor"
"ID474";0;1;"H11";"M";"MAR";"sin";"verde";"fruto"
"ID475";1;0;"H11";"M";"MAR";"sin";"seco";"hoja"
